"last_name, first_name","player_id","year","pa","single","double","triple","home_run","strikeout","walk","batting_avg","slg_percent","b_hit_by_pitch","b_total_pitches","xba","xslg","bacon","xbacon"
"Alfonzo, Eliezer",672613,2026,27,3,2,0,0,2,0,".185",".259","0","90",".218",".301",".200",".236"
"Hernández, Enrique",571771,2026,29,3,2,0,1,8,1,".214",".393","0","107",".193",".326",".300",".271"
"Yelich, Christian",592885,2026,381,48,18,2,9,104,36,".228",".374","4","1615",".229",".389",".326",".332"
"Mateo, Jorge",622761,2026,143,22,6,0,5,42,8,".244",".400","0","557",".261",".447",".355",".379"
"Higgins, P.J.",664731,2026,32,5,1,0,0,8,2,".231",".269","0","128",".276",".326",".316",".380"
"Schanuel, Nolan",694384,2026,438,79,22,0,7,57,42,".281",".393","6","1643",".286",".389",".325",".333"
"Benge, Carson",701807,2026,499,90,16,3,14,107,37,".270",".411","6","2013",".279",".438",".352",".365"
"Fermin, Freddy",666023,2026,217,23,10,0,4,44,17,".194",".309","3","834",".208",".310",".248",".270"
"Buxton, Byron",621439,2026,382,47,17,1,25,93,27,".259",".530","6","1398",".248",".496",".352",".337"
"Alvarez, Francisco",682626,2026,326,45,11,0,13,94,35,".243",".419","4","1354",".234",".440",".361",".349"
"Duran, Jarren",680776,2026,500,60,13,3,16,142,34,".203",".351","4","1857",".231",".375",".289",".336"
"Barrosa, Jorge",678489,2026,157,12,11,1,2,42,14,".197",".341","2","671",".163",".254",".286",".238"
"Johnson, Daniel",669288,2026,17,2,0,0,0,3,2,".143",".143","1","53",".280",".320",".182",".357"
"Lowe, Brandon",664040,2026,525,67,25,1,26,151,45,".253",".476","2","2114",".242",".438",".364",".355"
"Grichuk, Randal",545341,2026,198,22,19,1,10,46,7,".275",".545","1","728",".282",".484",".361",".372"
"Kepler, Max",596146,2026,124,15,7,0,2,28,11,".216",".333","0","462",".203",".342",".282",".275"
"Pham, Tommy",502054,2026,14,0,0,0,0,7,1,".000",".000","0","60",".099",".117",".000",".214"
"Culpepper, Kaelen",701785,2026,36,6,1,0,1,11,2,".258",".387","2","143",".239",".370",".381",".367"
"Bleday, JJ",668709,2026,407,42,13,1,20,87,57,".220",".438","2","1596",".240",".434",".292",".324"
"Amaya, Miguel",665804,2026,208,28,9,0,5,54,21,".237",".373","8","864",".203",".324",".341",".292"
"Gilbert, Drew",687551,2026,302,44,10,3,6,50,29,".240",".369","6","1168",".261",".377",".293",".321"
"Rice, Ben",700250,2026,513,55,20,3,33,129,61,".249",".529","4","2057",".261",".504",".348",".367"
"Simpson, Chandler",802415,2026,473,117,13,6,0,40,21,".310",".367","0","1550",".260",".298",".336",".287"
"Narváez, Carlos",665966,2026,234,26,6,0,3,77,16,".172",".245","6","949",".200",".323",".269",".317"
"Naylor, Josh",647304,2026,501,93,18,0,10,64,39,".267",".372","5","1653",".275",".395",".309",".319"
"House, Brady",691781,2026,248,35,10,0,9,72,15,".236",".397","3","918",".262",".446",".342",".382"
"Suárez, Eugenio",553993,2026,379,36,16,0,18,135,35,".208",".415","4","1541",".191",".344",".341",".322"
"Lowe, Josh",666139,2026,249,30,6,0,10,71,17,".202",".360","1","1042",".218",".397",".291",".315"
"Bliss, Ryan",669208,2026,10,1,0,0,0,3,1,".125",".125","0","45",".203",".295",".167",".319"
"Duran, Ezequiel",677649,2026,447,68,23,3,13,108,32,".264",".431","3","1772",".245",".374",".353",".331"
"Johnson, Bryce",669369,2026,49,6,2,0,0,18,3,".178",".222","0","188",".147",".166",".296",".244"
"Wells, Austin",669224,2026,283,30,6,0,8,73,31,".177",".298","2","1126",".211",".361",".250",".298"
"Vivas, Jorbit",678391,2026,268,43,8,1,3,38,29,".241",".325","4","951",".240",".316",".284",".282"
"Hicks, Liam",689414,2026,456,81,12,1,16,43,48,".281",".440","10","1654",".252",".351",".311",".283"
"Lindor, Francisco",596019,2026,305,41,7,4,12,58,34,".239",".429","3","1321",".252",".456",".305",".322"
"Bailey, Patrick",672275,2026,264,31,6,1,6,66,19,".183",".292","0","1056",".230",".379",".249",".314"
"Emerson, Colt",806068,2026,241,27,6,1,8,83,15,".190",".335","2","963",".196",".300",".300",".312"
"Ornelas, Jonathan",680716,2026,22,4,0,0,0,11,1,".190",".190","0","89",".155",".198",".400",".326"
"Escarra, J.C.",641555,2026,92,10,5,1,0,18,6,".188",".271","0","352",".206",".308",".235",".269"
"Straw, Myles",664702,2026,241,31,13,1,3,33,16,".220",".330","1","905",".255",".351",".255",".297"
"Pinckney, Andrew",687605,2026,14,1,0,1,1,3,1,".273",".727","1","50",".252",".440",".333",".373"
"Young, Jacob",696285,2026,378,56,16,3,10,64,25,".249",".402","7","1395",".265",".396",".305",".328"
"Baldwin, Drake",686948,2026,457,81,10,0,21,92,46,".278",".459","7","1748",".285",".512",".359",".370"
"Lockridge, Brandon",663604,2026,111,23,4,0,0,32,11,".273",".313","0","462",".216",".262",".403",".321"
"Wiemer, Joey",686894,2026,83,11,5,1,3,29,12,".286",".514","1","335",".217",".349",".488",".375"
"Fortes, Nick",663743,2026,274,50,14,0,4,33,9,".269",".372","8","929",".255",".344",".308",".293"
"Alvarez, Yordan",670541,2026,546,82,25,0,36,93,86,".318",".615","7","2080",".329",".678",".397",".413"
"Ozuna, Marcell",542303,2026,280,36,7,0,8,80,27,".203",".327","2","1240",".221",".389",".298",".326"
"Seager, Corey",608369,2026,278,29,9,0,12,69,34,".208",".396","2","1037",".233",".455",".289",".325"
"Sosa, Edmundo",624641,2026,205,28,6,2,5,43,7,".219",".353","5","761",".279",".436",".279",".357"
"Marsh, Brandon",669016,2026,477,84,17,2,17,120,29,".272",".435","2","1767",".262",".421",".369",".357"
"Montgomery, Braden",695731,2026,240,32,10,3,4,54,26,".233",".367","3","915",".239",".364",".312",".321"
"Sullivan, Brett",664954,2026,180,21,11,1,7,31,10,".242",".448","1","638",".226",".361",".292",".282"
"Domínguez, Jasson",691176,2026,212,28,12,0,6,46,9,".230",".380","2","786",".251",".364",".299",".326"
"Edman, Tommy",669242,2026,190,32,8,2,4,38,12,".271",".412","6","686",".262",".374",".348",".337"
"Cook, Billy",695257,2026,49,7,1,1,0,19,1,".188",".250","0","169",".144",".189",".310",".238"
"Wallner, Matt",670242,2026,135,13,3,0,4,53,10,".167",".292","5","562",".200",".333",".299",".358"
"Moreno, Gabriel",672515,2026,408,72,25,1,10,62,45,".308",".470","4","1793",".296",".457",".364",".357"
"Heineman, Tyler",623168,2026,150,20,2,1,1,24,5,".180",".233","4","521",".226",".273",".220",".276"
"Koss, Christian",683766,2026,87,13,4,0,0,21,2,".202",".250","1","281",".221",".306",".270",".297"
"Baty, Brett",683146,2026,389,51,14,1,8,109,34,".213",".329","3","1545",".228",".370",".306",".330"
"Rushing, Dalton",687221,2026,245,31,12,0,12,70,23,".253",".475","4","918",".254",".434",".372",".376"
"Sheets, Gavin",657757,2026,398,42,15,0,16,83,47,".212",".395","5","1705",".229",".381",".278",".300"
"Hernaiz, Darell",687231,2026,140,25,3,0,1,24,13,".234",".282","1","539",".218",".274",".290",".271"
"Happ, Ian",664023,2026,520,52,22,2,20,158,66,".215",".408","6","2216",".201",".389",".332",".310"
"Melendez, MJ",669004,2026,144,13,5,1,4,50,17,".192",".350","5","615",".166",".317",".324",".281"
"Kwan, Steven",680757,2026,477,88,15,2,2,49,63,".266",".328","4","1931",".271",".333",".301",".307"
"Osuna, Alejandro",696030,2026,220,43,5,0,1,32,19,".255",".297","8","790",".250",".306",".306",".300"
"Benintendi, Andrew",643217,2026,374,50,18,2,13,90,31,".246",".427","1","1389",".243",".407",".331",".329"
"Langford, Wyatt",694671,2026,316,44,14,2,14,70,25,".257",".465","3","1220",".239",".402",".339",".316"
"Judge, Aaron",592450,2026,261,26,10,0,17,72,42,".248",".533","2","1114",".270",".600",".371",".404"
"Pérez, Wenceel",672761,2026,175,17,4,1,7,29,14,".180",".348","0","653",".203",".348",".220",".248"
"Olson, Matt",621566,2026,549,61,31,0,36,138,55,".262",".547","3","2351",".250",".525",".363",".349"
"O'Hoppe, Logan",681351,2026,257,37,8,0,4,64,17,".209",".294","3","921",".197",".328",".285",".273"
"Keith, Colt",690993,2026,359,61,15,4,9,66,24,".270",".421","3","1327",".276",".432",".335",".344"
"Tovar, Ezequiel",678662,2026,419,50,20,0,9,105,25,".206",".329","2","1548",".219",".357",".276",".296"
"Ruiz, Keibert",660688,2026,280,44,21,0,7,33,13,".275",".435","2","901",".244",".362",".310",".278"
"Castro, Willi",650489,2026,429,69,18,1,14,115,37,".265",".426","5","1704",".234",".398",".375",".332"
"Cronenworth, Jake",630105,2026,288,47,7,0,4,62,26,".227",".302","5","1168",".226",".318",".301",".298"
"Carrigg, Cole",694249,2026,227,31,16,3,5,46,24,".284",".474","4","872",".263",".392",".362",".343"
"Sanoja, Javier",691594,2026,345,55,26,2,5,29,19,".272",".410","0","1171",".256",".330",".297",".280"
"Bichette, Bo",666182,2026,544,99,21,2,12,99,35,".268",".390","2","2021",".280",".414",".328",".346"
"Chourio, Jackson",694192,2026,415,65,22,0,17,102,34,".275",".468","2","1612",".256",".474",".375",".349"
"Jones, Greg",675659,2026,24,2,0,0,0,10,0,".087",".087","0","81",".174",".205",".154",".307"
"Valenzuela, Brandon",678218,2026,225,30,7,0,8,61,22,".225",".380","1","928",".241",".383",".321",".345"
"Hedges, Austin",595978,2026,188,32,7,0,4,31,18,".264",".380","1","709",".237",".327",".321",".289"
"Horwitz, Spencer",687462,2026,343,52,12,1,10,49,44,".260",".413","7","1371",".229",".368",".309",".277"
"Durbin, Caleb",702332,2026,453,68,22,1,12,61,34,".258",".407","10","1660",".242",".329",".300",".285"
"Naylor, Bo",666310,2026,90,8,2,0,2,21,6,".143",".238","0","389",".215",".399",".190",".287"
"Young, Jared",676724,2026,248,37,12,2,8,47,18,".266",".446","6","961",".244",".407",".333",".310"
"Johnson, Ivan",671155,2026,14,1,0,0,0,6,2,".083",".083","0","58",".080",".135",".167",".159"
"Lara, Luis",800325,2026,104,14,6,1,1,19,12,".242",".363","0","482",".273",".366",".301",".341"
"Williamson, Ben",810938,2026,270,47,10,1,3,51,20,".247",".332","2","1047",".252",".330",".311",".318"
"Whitcomb, Shay",694376,2026,24,1,0,0,2,11,1,".130",".391","0","92",".162",".415",".250",".310"
"Greene, Riley",682985,2026,492,73,25,1,16,133,61,".273",".450","4","2058",".258",".478",".391",".375"
"Anthony, Roman",701350,2026,130,18,5,1,1,33,20,".229",".321","1","546",".262",".410",".329",".377"
"Pederson, Joc",592626,2026,377,44,11,2,22,88,44,".242",".491","3","1527",".250",".452",".328",".343"
"Dean, Justin",681909,2026,10,2,0,1,0,4,2,".375",".625","0","37",".266",".324",".750",".531"
"Rodríguez, Julio",677594,2026,498,78,18,0,19,105,40,".256",".422","5","1855",".275",".469",".330",".359"
"Kiner-Falefa, Isiah",643396,2026,132,27,4,0,2,18,12,".277",".361","0","471",".277",".351",".327",".327"
"Watson, Kahlil",696135,2026,91,14,6,0,1,32,3,".239",".341","0","339",".209",".330",".375",".328"
"Joe, Connor",656582,2026,45,4,2,0,1,15,6,".179",".308","0","210",".257",".397",".292",".417"
"Williams, Alika",675961,2026,152,23,12,0,2,37,6,".262",".390","2","571",".217",".286",".352",".293"
"Rutschman, Adley",668939,2026,316,37,20,1,9,49,36,".245",".425","2","1309",".267",".430",".293",".325"
"Bregman, Alex",608324,2026,567,85,24,1,16,88,63,".257",".407","8","2261",".245",".367",".309",".297"
"McMahon, Ryan",641857,2026,303,37,12,0,10,92,24,".215",".367","2","1239",".234",".395",".321",".350"
"Mead, Curtis",678554,2026,329,37,17,1,17,63,39,".253",".498","5","1403",".259",".457",".324",".333"
"Toglia, Michael",669911,2026,21,1,2,0,0,8,2,".158",".263","0","75",".231",".278",".273",".399"
"Jarvis, Jim",805347,2026,117,16,5,1,1,21,6,".217",".311","1","423",".241",".313",".271",".301"
"Clement, Ernie",676391,2026,498,97,28,1,9,47,17,".285",".405","2","1543",".251",".333",".313",".277"
"Salazar, César",663967,2026,22,1,0,0,0,3,3,".056",".056","1","95",".237",".328",".067",".284"
"Holliday, Jackson",702616,2026,254,36,9,1,6,61,33,".240",".373","0","983",".242",".370",".327",".333"
"Ballesteros, Moisés",694208,2026,226,30,6,0,6,47,21,".207",".325","0","864",".236",".377",".266",".306"
"Smith, Josh",669701,2026,183,28,3,1,3,40,18,".217",".304","1","698",".207",".322",".287",".274"
"Merrill, Jackson",701538,2026,519,75,20,2,19,127,33,".242",".411","2","2053",".258",".464",".328",".352"
"Rojas, Miguel",500743,2026,192,33,12,0,3,19,13,".284",".408","2","685",".289",".404",".308",".315"
"Kreidler, Ryan",668952,2026,217,30,8,3,5,47,14,".228",".371","1","799",".223",".379",".297",".291"
"Jones, Spencer",682987,2026,159,17,7,1,5,58,16,".211",".380","1","677",".220",".423",".357",".372"
"Wilson, Jacob",805779,2026,337,61,16,1,7,39,12,".266",".388","3","1136",".262",".345",".301",".298"
"Lopez, Otto",672640,2026,534,107,29,7,9,69,27,".308",".449","4","1952",".282",".418",".350",".323"
"Triolo, Jared",669707,2026,288,48,12,0,2,59,24,".241",".311","4","1066",".245",".320",".313",".318"
"Myers, Dane",667472,2026,232,39,8,0,5,59,27,".260",".375","3","947",".236",".368",".364",".338"
"Fraley, Jake",641584,2026,90,10,7,0,2,25,8,".232",".390","0","379",".204",".345",".333",".293"
"Crews, Dylan",686611,2026,306,38,11,0,10,73,21,".212",".360","7","1093",".237",".426",".288",".323"
"Navarreto, Brian",640459,2026,35,2,1,0,1,10,2,".138",".276","2","129",".142",".222",".211",".216"
"Rincones Jr., Gabriel",687282,2026,89,8,4,0,2,29,2,".167",".286","2","344",".150",".276",".250",".231"
"Matos, Luis",682641,2026,21,4,0,0,0,7,1,".200",".200","0","72",".099",".136",".308",".152"
"Dunn, Blake",694362,2026,155,30,7,1,2,33,10,".282",".387","2","549",".241",".317",".364",".316"
"Wetherholt, JJ",802139,2026,547,84,13,0,16,87,62,".241",".371","14","2166",".251",".425",".294",".309"
"Perez, Junior",678577,2026,36,3,0,0,3,14,1,".171",".429","0","139",".206",".516",".286",".343"
"Monasterio, Andruw",655316,2026,282,38,22,1,6,56,22,".265",".431","2","1217",".245",".385",".333",".314"
"Tena, José",677588,2026,241,32,11,2,6,73,21,".235",".387","3","972",".234",".371",".354",".353"
"Misner, Kameron",670224,2026,44,8,1,0,0,17,2,".220",".244","0","184",".185",".242",".375",".317"
"Hicklen, Brewer",676551,2026,23,3,4,0,0,8,4,".368",".579","0","92",".256",".405",".636",".442"
"Tucker, Kyle",663656,2026,488,64,19,3,11,91,59,".230",".367","3","1930",".255",".383",".290",".324"
"Clase, Jonatan",682729,2026,25,4,0,0,2,8,3,".273",".545","0","114",".171",".267",".429",".269"
"Torrens, Luis",620443,2026,228,31,12,0,7,43,16,".243",".403","4","879",".238",".373",".307",".302"
"Urías, Ramón",602104,2026,68,4,3,0,2,12,6,".158",".316","4","237",".185",".374",".196",".233"
"Rivero, Sebastián",665861,2026,56,11,2,0,0,11,3,".250",".288","0","232",".261",".304",".317",".331"
"France, Ty",664034,2026,361,59,16,2,17,81,19,".290",".509","12","1441",".250",".429",".379",".331"
"Jiménez, Eloy",650391,2026,35,9,0,0,0,7,3,".290",".290","0","130",".214",".289",".360",".270"
"Wilson, Weston",642215,2026,116,13,3,0,4,34,14,".198",".347","1","504",".179",".291",".299",".272"
"Doyle, Brenton",686668,2026,161,24,6,0,2,49,12,".215",".295","0","558",".192",".272",".320",".290"
"Bogaerts, Xander",593428,2026,478,68,11,0,11,84,59,".219",".326","3","1870",".246",".376",".271",".309"
"Rave, John",670231,2026,62,4,4,1,2,14,5,".200",".418","0","231",".230",".421",".268",".310"
"Bazzana, Travis",683953,2026,393,53,15,2,9,88,46,".232",".368","4","1590",".222",".346",".310",".297"
"Tromp, Chadwick",644433,2026,51,7,1,0,0,13,0,".163",".184","0","182",".174",".217",".216",".236"
"McAdoo, Charles",807727,2026,48,8,1,0,2,12,3,".250",".409","0","177",".251",".402",".333",".335"
"Lee, Hao-Yu",701678,2026,223,39,11,1,6,52,12,".274",".423","0","782",".238",".387",".361",".317"
"Chapman, Matt",656305,2026,352,46,18,1,7,81,37,".235",".368","5","1419",".210",".319",".314",".289"
"Andujar, Miguel",609280,2026,254,35,20,2,5,38,11,".259",".423","4","930",".264",".376",".308",".314"
"Quero, Edgar",700337,2026,210,34,1,0,3,42,16,".208",".262","4","814",".224",".318",".260",".288"
"Soderstrom, Tyler",691016,2026,453,48,27,3,19,91,53,".245",".472","3","1739",".246",".411",".317",".318"
"Cox, Jonah",813841,2026,38,6,1,2,1,17,0,".286",".514","0","143",".225",".398",".556",".437"
"Nishida, Rikuu",807747,2026,30,7,0,0,0,5,0,".241",".241","0","97",".258",".306",".292",".312"
"Williams, Carson",700246,2026,40,2,1,0,1,13,2,".108",".216","0","142",".166",".280",".167",".257"
"Price, Collin",805672,2026,13,1,1,0,0,6,1,".167",".250","0","53",".259",".361",".333",".517"
"Spence, Lucas",828599,2026,41,5,1,0,0,15,3,".162",".189","1","157",".177",".253",".273",".298"
"Meneses, Joey",608841,2026,25,3,0,0,0,4,3,".150",".150","1","76",".269",".314",".176",".324"
"Schneider, Davis",676914,2026,140,7,6,0,3,47,25,".142",".274","0","633",".150",".277",".239",".256"
"Millas, Drew",686452,2026,152,18,4,0,2,37,14,".185",".262","3","585",".204",".282",".255",".283"
"Jordan, Blaze",691458,2026,173,27,7,4,2,25,6,".247",".377","1","620",".266",".414",".284",".313"
"Correa, Carlos",621043,2026,141,23,8,0,3,26,18,".279",".418","0","582",".289",".459",".351",".364"
"Velazquez, Andrew",623205,2026,15,1,0,0,0,2,0,".067",".067","0","45",".167",".200",".077",".193"
"Montgomery, Colson",695657,2026,499,51,20,0,26,164,40,".217",".436","10","1863",".212",".412",".340",".333"
"Burleson, Alec",676475,2026,534,84,33,1,21,89,45,".289",".493","5","1948",".301",".546",".352",".368"
"Slater, Austin",596103,2026,74,12,3,0,0,21,8,".231",".277","0","292",".182",".236",".333",".265"
"Benson, Will",666181,2026,114,11,3,1,3,38,16,".188",".333","1","472",".189",".355",".310",".319"
"Butler, Lawrence",671732,2026,385,46,13,1,11,97,44,".210",".352","1","1573",".236",".381",".293",".332"
"Winn, Masyn",691026,2026,484,77,19,2,5,102,43,".241",".330","7","1913",".250",".335",".310",".330"
"Rodríguez, Héctor",699302,2026,34,2,1,0,0,8,3,".097",".129","0","125",".162",".202",".130",".219"
"McCray, Grant",687529,2026,47,2,0,0,1,13,7,".081",".162","0","198",".200",".316",".125",".308"
"Call, Alex",669743,2026,154,25,7,0,1,26,18,".254",".331","4","676",".211",".268",".311",".260"
"Hamilton, David",666152,2026,308,48,9,2,4,69,30,".239",".333","1","1241",".207",".296",".323",".281"
"Nimmo, Brandon",607043,2026,506,80,28,4,13,108,40,".273",".437","6","1973",".290",".491",".355",".380"
"Ingle, Cooper",694876,2026,24,2,0,0,0,12,3,".095",".095","0","105",".106",".127",".222",".248"
"Vientos, Mark",668901,2026,254,30,9,0,11,61,12,".211",".388","3","913",".234",".447",".281",".311"
"Short, Zack",670097,2026,62,5,2,0,0,19,8,".140",".180","1","272",".159",".269",".212",".244"
"Sogard, Nick",686765,2026,131,20,7,1,0,22,19,".259",".343","0","529",".256",".333",".322",".317"
"Velázquez, Nelson",676369,2026,88,8,4,0,4,26,7,".205",".410","1","349",".256",".495",".296",".383"
"Grissom, Vaughn",687093,2026,319,48,16,0,7,57,21,".247",".375","5","1205",".251",".384",".302",".314"
"Candelario, Jeimer",600869,2026,20,0,2,0,0,8,1,".111",".222","1","83",".167",".213",".200",".300"
"Stubbs, Garrett",596117,2026,46,5,0,0,0,10,2,".122",".122","2","169",".197",".242",".156",".253"
"Riley, Austin",663586,2026,500,65,19,1,15,157,37,".222",".369","10","2008",".214",".401",".338",".328"
"Gonzales, Nick",693304,2026,490,109,22,1,6,82,32,".308",".402","9","1802",".282",".386",".376",".344"
"Nootbaar, Lars",663457,2026,226,29,9,1,3,47,32,".218",".321","0","927",".235",".400",".286",".309"
"Gasper, Mickey",681508,2026,128,21,5,1,2,21,11,".254",".368","1","471",".244",".384",".309",".301"
"Rafaela, Ceddanne",678882,2026,508,86,32,3,16,102,19,".287",".468","8","1849",".248",".366",".363",".314"
"Cortes, Carlos",666126,2026,284,42,15,1,7,42,26,".259",".410","4","1147",".252",".391",".307",".301"
"Taveras, Leody",665750,2026,384,52,12,6,7,95,36,".228",".362","1","1535",".217",".326",".317",".304"
"Grisham, Trent",663757,2026,419,44,19,2,17,73,49,".224",".426","0","1675",".251",".444",".277",".312"
"Murakami, Munetaka",808959,2026,393,33,13,0,29,131,69,".234",".545","2","1715",".219",".517",".393",".370"
"Chaparro, Andrés",665953,2026,132,10,9,0,7,31,16,".232",".500","4","511",".243",".485",".321",".337"
"Smith, Dominic",642086,2026,280,51,6,1,8,43,21,".263",".390","2","1074",".245",".382",".310",".295"
"Lewis, Royce",668904,2026,377,47,20,1,13,97,34,".240",".421","3","1483",".243",".418",".333",".339"
"Gonzalez, Jacob",694378,2026,173,23,7,0,6,31,9,".226",".384","3","670",".260",".406",".279",".321"
"Pereda, Jhonny",640902,2026,76,17,0,0,2,13,4,".268",".352","1","315",".298",".398",".328",".365"
"Bart, Joey",663698,2026,128,16,4,0,4,35,7,".214",".357","8","490",".203",".362",".308",".292"
"Crawford, J.P.",641487,2026,364,44,11,0,10,74,50,".212",".345","5","1560",".240",".365",".277",".314"
"Meyers, Jake",676694,2026,153,20,7,0,3,31,10,".213",".326","1","546",".205",".316",".270",".261"
"Bauers, Jake",641343,2026,452,63,19,2,22,112,66,".278",".512","3","1848",".260",".484",".391",".369"
"Troy, Tommy",694371,2026,134,19,3,1,4,31,13,".223",".364","0","547",".238",".412",".300",".320"
"Solak, Nick",669256,2026,10,1,0,0,0,0,1,".143",".143","1","23",".260",".502",".125",".231"
"Loperfido, Joey",694388,2026,120,13,7,1,1,31,14,".216",".333","1","475",".231",".337",".306",".327"
"Devers, Rafael",646240,2026,529,59,30,1,25,140,52,".244",".470","1","2172",".229",".438",".342",".324"
"Ortiz, Joey",687401,2026,308,48,11,2,6,57,29,".247",".369","0","1186",".240",".339",".307",".305"
"Reynolds, Bryan",668804,2026,556,76,30,2,15,135,75,".261",".429","8","2184",".246",".426",".364",".344"
"Alonso, Pete",624413,2026,547,75,23,0,28,131,63,".267",".494","8","2269",".282",".540",".365",".388"
"Steer, Spencer",668715,2026,384,51,14,0,16,86,35,".238",".421","6","1521",".246",".452",".316",".333"
"Tatis Jr., Fernando",665487,2026,551,94,25,2,15,103,53,".280",".432","5","1972",".289",".473",".350",".371"
"Genao, Angel",694197,2026,42,9,2,0,1,3,4,".324",".459","1","144",".273",".411",".353",".297"
"Callihan, Tyler",682997,2026,107,11,4,2,3,38,9,".211",".389","1","424",".185",".296",".345",".304"
"Robles, Victor",645302,2026,140,28,3,2,0,22,8,".260",".315","3","498",".240",".326",".311",".290"
"Rooker, Brent",667670,2026,202,22,4,0,10,64,19,".201",".391","2","729",".208",".438",".308",".324"
"Vilade, Ryan",668723,2026,209,29,8,1,11,45,18,".263",".495","1","840",".254",".442",".340",".331"
"Lombard Jr., George",806146,2026,46,9,1,0,2,10,5,".293",".463","0","203",".275",".405",".387",".367"
"Torkelson, Spencer",679529,2026,492,56,21,0,20,151,53,".226",".415","5","2067",".219",".408",".344",".335"
"Volpe, Anthony",683011,2026,194,30,9,1,1,45,22,".240",".322","0","775",".231",".315",".323",".316"
"Encarnacion-Strand, Christian",687952,2026,92,12,4,0,6,22,5,".262",".524","1","334",".265",".573",".349",".353"
"Realmuto, J.T.",592663,2026,357,46,14,0,8,76,27,".215",".335","9","1411",".256",".384",".278",".336"
"White, Eli",642201,2026,165,24,6,1,5,37,10,".235",".386","1","648",".218",".312",".308",".287"
"Lee, Jung Hoo",808982,2026,464,88,26,4,9,46,19,".292",".432","6","1698",".290",".383",".323",".323"
"Goldschmidt, Paul",502671,2026,330,46,11,1,16,79,26,".247",".450","3","1311",".231",".405",".333",".312"
"Perkins, Blake",663368,2026,101,7,6,0,1,22,10,".157",".258","1","419",".196",".295",".209",".261"
"Basabe, Osleivis",678545,2026,60,10,2,0,3,9,1,".268",".464","2","217",".238",".376",".313",".279"
"Schneemann, Daniel",682177,2026,276,35,11,0,6,81,24,".206",".321","0","1104",".218",".357",".304",".321"
"Dingler, Dillon",693307,2026,496,63,24,2,26,110,31,".257",".494","13","1925",".273",".488",".338",".363"
"Jiménez, Leo",677870,2026,172,25,4,0,2,34,14,".207",".273","7","695",".242",".344",".265",".315"
"Mountcastle, Ryan",663624,2026,15,3,1,0,0,2,1,".286",".357","0","54",".279",".348",".333",".326"
"Lowe, Nathaniel",663993,2026,313,42,20,0,14,77,29,".269",".488","0","1313",".270",".454",".367",".372"
"McKinstry, Zach",656716,2026,345,46,14,3,4,52,35,".221",".327","2","1299",".240",".325",".265",".289"
"Murray, Tanner",695020,2026,33,5,0,0,1,7,2,".214",".321","1","103",".191",".390",".273",".249"
"Fry, David",681807,2026,168,16,4,0,6,51,25,".182",".336","0","751",".168",".261",".283",".261"
"Piñango, Yohendrick",682818,2026,180,31,8,0,5,44,11,".260",".396","0","698",".262",".398",".352",".355"
"Siri, Jose",642350,2026,152,21,8,0,7,47,9,".261",".471","2","576",".230",".448",".391",".348"
"Acuña, Luisangel",682668,2026,199,40,3,0,1,39,8,".237",".269","1","699",".246",".316",".295",".311"
"Ibáñez, Andy",628451,2026,26,2,0,0,0,3,1,".087",".087","0","79",".152",".205",".091",".160"
"Stott, Bryson",681082,2026,477,72,25,6,9,79,49,".266",".418","2","1990",".272",".406",".326",".334"
"Cruz, Oneil",665833,2026,286,42,10,0,15,100,30,".265",".482","3","1173",".255",".500",".438",".425"
"Paredes, Isaac",670623,2026,505,75,21,1,16,69,48,".259",".422","17","2221",".250",".377",".305",".295"
"Valera, George",671655,2026,38,5,3,0,0,8,1,".216",".297","0","119",".193",".232",".276",".247"
"Muncy, Max",691777,2026,211,24,9,2,5,70,16,".213",".362","4","843",".209",".350",".331",".327"
"Robert Jr., Luis",673357,2026,182,25,3,0,7,45,17,".215",".362","0","708",".232",".390",".292",".316"
"O'Hearn, Ryan",656811,2026,398,65,15,0,17,86,31,".270",".454","5","1536",".254",".410",".351",".333"
"Cole, Zach",805904,2026,53,4,1,0,3,21,1,".157",".353","1","219",".209",".438",".267",".356"
"Ward, Taylor",621493,2026,538,78,20,1,7,109,87,".240",".337","6","2220",".248",".375",".315",".327"
"Romo, Drew",691011,2026,176,10,5,0,7,43,14,".139",".304","2","625",".179",".291",".190",".244"
"Dezenzo, Zach",701305,2026,83,11,4,0,1,32,7,".211",".303","0","333",".191",".294",".364",".329"
"Stowers, Kyle",669065,2026,399,44,21,4,16,125,38,".242",".462","7","1488",".235",".436",".373",".365"
"Gray, Tristan",656484,2026,188,30,5,0,4,60,10,".225",".324","1","730",".218",".322",".336",".334"
"Maile, Luke",571912,2026,22,3,1,0,1,8,1,".238",".429","0","82",".174",".248",".385",".282"
"Allen, Nick",669397,2026,125,23,4,0,2,24,7,".259",".348","1","439",".210",".266",".319",".261"
"Cheng, Tsung-Che",691907,2026,44,9,1,0,0,14,4,".256",".282","0","165",".237",".392",".385",".357"
"Kim, Ha-Seong",673490,2026,85,5,0,0,0,23,9,".066",".066","0","366",".144",".199",".094",".208"
"Susac, Daniel",691740,2026,161,23,8,1,3,36,8,".243",".375","3","590",".249",".369",".313",".327"
"Huff, Sam",669087,2026,34,2,2,0,0,19,1,".121",".182","0","124",".099",".184",".286",".234"
"Saggese, Thomas",695336,2026,82,10,2,1,1,26,6,".184",".276","0","326",".203",".365",".280",".308"
"García, Adolis",666969,2026,259,29,8,1,7,84,21,".195",".329","4","1082",".220",".362",".300",".345"
"Machado, Manny",592518,2026,528,56,20,0,24,114,58,".217",".416","1","2082",".245",".430",".282",".325"
"Barger, Addison",680718,2026,28,0,1,0,0,7,5,".045",".091","0","119",".131",".185",".063",".202"
"Kemp, Otto",805249,2026,27,2,0,0,0,10,1,".080",".080","1","120",".162",".221",".133",".270"
"Walker, Christian",572233,2026,501,56,24,1,23,119,42,".232",".443","9","1963",".225",".386",".314",".305"
"Eldridge, Bryce",805811,2026,335,44,15,0,14,89,42,".250",".445","0","1410",".250",".470",".358",".358"
"Vierling, Matt",663837,2026,291,34,13,3,5,49,19,".207",".335","0","1098",".256",".381",".248",".315"
"Ohtani, Shohei",660271,2026,535,76,24,3,30,123,70,".294",".558","5","2002",".297",".585",".397",".407"
"Pagés, Pedro",686780,2026,184,25,6,0,4,49,9,".210",".317","2","769",".218",".336",".292",".310"
"Vázquez, Christian",543877,2026,230,32,7,0,6,43,16,".216",".337","0","887",".199",".274",".271",".252"
"Harris II, Michael",671739,2026,479,85,27,1,20,94,18,".292",".487","2","1717",".289",".479",".364",".363"
"Kurtz, Nick",701762,2026,434,53,15,1,21,141,79,".256",".483","3","1851",".243",".482",".427",".406"
"Clemens, Kody",665019,2026,445,49,20,5,21,101,28,".233",".462","6","1734",".246",".440",".308",".329"
"Wade Jr., LaMonte",664774,2026,97,12,4,0,2,20,16,".222",".346","0","444",".201",".289",".295",".267"
"Shaw, Matt",807713,2026,147,20,6,2,4,27,12,".246",".415","3","599",".241",".359",".308",".302"
"Stanton, Giancarlo",519317,2026,96,14,6,0,3,29,6,".256",".422","0","384",".245",".466",".377",".361"
"Jeffers, Ryan",680777,2026,259,37,14,1,10,43,36,".283",".493","2","1108",".255",".444",".348",".319"
"Martin, Austin",668885,2026,335,48,17,0,3,60,43,".241",".333","7","1303",".240",".326",".302",".302"
"Varsho, Daulton",662139,2026,419,58,19,2,8,83,35,".228",".352","2","1599",".232",".354",".291",".296"
"Caratini, Victor",605170,2026,331,48,9,0,7,67,31,".227",".333","10","1255",".238",".384",".287",".312"
"Mitchell, Garrett",669003,2026,421,58,24,3,8,134,51,".255",".404","4","1719",".255",".434",".403",".403"
"Bruján, Vidal",660644,2026,13,1,0,0,0,1,1,".091",".091","0","39",".164",".231",".100",".180"
"Pereira, Everson",677592,2026,105,12,5,0,5,35,6,".234",".447","4","377",".208",".407",".367",".327"
"Torres, Bryan",663494,2026,121,18,1,2,4,25,10,".229",".385","0","497",".234",".363",".294",".302"
"Harper, Bryce",547180,2026,542,64,23,3,25,112,90,".259",".493","1","2137",".273",".501",".339",".363"
"Okamoto, Kazuma",672960,2026,498,60,17,0,25,153,41,".227",".432","6","2095",".212",".416",".342",".322"
"Hinds, Rece",677956,2026,38,1,3,0,0,19,1,".114",".200","1","155",".131",".157",".235",".289"
"Young, Cole",702284,2026,505,86,15,3,15,84,31,".258",".401","9","1905",".271",".406",".313",".330"
"Pasquantino, Vinnie",686469,2026,344,50,13,2,6,60,37,".236",".352","2","1383",".246",".388",".290",".304"
"Thomas, Colby",687515,2026,121,16,3,0,4,37,4,".202",".333","1","442",".182",".357",".299",".270"
"Fernandez, Jose",699912,2026,184,34,7,0,3,42,7,".256",".349","1","710",".236",".339",".338",".312"
"Dunn, Oliver",686554,2026,12,1,0,0,0,3,1,".091",".091","0","42",".174",".192",".125",".239"
"Keaschall, Luke",807712,2026,466,80,19,1,7,72,47,".270",".376","15","1743",".241",".349",".323",".291"
"Chisholm Jr., Jazz",665862,2026,455,54,14,2,17,142,45,".214",".384","1","1865",".207",".363",".326",".317"
"Fedko, Kyler",693459,2026,19,0,0,0,0,8,2,".000",".000","0","78",".097",".136",".000",".185"
"Ramos, Heliot",671218,2026,352,51,16,3,9,95,21,".242",".391","3","1369",".256",".437",".339",".361"
"Carroll, Corbin",682998,2026,533,54,26,15,18,115,63,".246",".486","8","2090",".248",".443",".326",".330"
"Herrera, Iván",671056,2026,563,78,23,1,14,99,60,".246",".388","27","2233",".253",".384",".308",".319"
"Rodden, Brock",801126,2026,17,2,2,0,0,6,3,".308",".462","0","73",".131",".225",".500",".266"
"Abreu, Wilyer",677800,2026,535,68,27,3,22,105,57,".257",".469","2","2113",".261",".491",".325",".334"
"Kim, Hyeseong",808975,2026,131,25,3,1,1,31,12,".259",".328","0","515",".261",".341",".345",".360"
"De La Cruz, Bryan",650559,2026,36,7,1,0,2,8,2,".333",".567","2","131",".252",".418",".417",".331"
"Smith, Will",669257,2026,201,32,5,0,6,34,23,".249",".382","2","858",".275",".494",".303",".351"
"Fermín, José",665877,2026,267,39,12,0,5,33,26,".239",".355","1","1109",".253",".348",".276",".294"
"Davis, Henry",680779,2026,254,25,5,0,8,55,22,".170",".300","6","944",".199",".333",".224",".265"
"Encarnacion, Jerar",666464,2026,35,5,1,0,0,8,1,".176",".206","0","159",".190",".266",".231",".248"
"Garver, Mitch",641598,2026,149,15,3,0,4,49,22,".175",".294","1","632",".194",".341",".286",".317"
"Adames, Willy",642715,2026,485,55,25,1,19,133,36,".224",".413","2","1903",".217",".377",".318",".310"
"Valdez, Esmerlyn",699013,2026,231,21,12,1,14,83,35,".250",".542","1","1008",".204",".448",".429",".352"
"Wood, James",695578,2026,535,59,26,1,30,153,90,".265",".535","4","2233",".275",".585",".403",".424"
"Moncada, Yoán",660162,2026,130,16,1,1,3,45,17,".189",".297","2","552",".169",".286",".318",".288"
"Trout, Mike",545361,2026,478,56,17,0,20,122,83,".240",".438","6","2058",".255",".498",".348",".374"
"Serven, Brian",661531,2026,36,4,0,0,3,7,1,".200",".457","0","141",".249",".424",".250",".311"
"Teel, Kyle",691019,2026,70,8,2,0,2,27,6,".190",".317","1","295",".233",".371",".333",".408"
"Walker, Jordan",691023,2026,525,86,28,0,24,125,40,".289",".498","4","1864",".277",".488",".388",".375"
"Haase, Eric",606992,2026,84,5,3,0,4,28,6,".162",".365","1","318",".184",".361",".261",".296"
"Matthews, Brice",694728,2026,226,28,5,1,7,71,15,".197",".332","0","935",".192",".341",".297",".296"
"Busch, Michael",683737,2026,561,79,20,2,15,124,70,".244",".389","11","2222",".234",".402",".326",".314"
"Black, Tyler",672012,2026,28,5,4,0,0,7,1,".333",".481","0","97",".170",".229",".450",".229"
"Thompson, Sterlin",694514,2026,77,10,4,0,2,21,5,".232",".377","3","312",".219",".357",".333",".314"
"Sosa, Lenyn",672820,2026,117,14,7,0,1,25,1,".195",".283","1","439",".222",".345",".247",".282"
"Arozarena, Randy",668227,2026,506,76,26,1,17,107,47,".274",".454","18","2047",".261",".414",".359",".346"
"Antonacci, Sam",803011,2026,420,71,18,2,8,66,31,".273",".401","23","1662",".278",".402",".333",".339"
"Semien, Marcus",543760,2026,417,54,10,1,14,92,32,".208",".351","1","1579",".243",".389",".271",".318"
"Peraza, Oswald",672724,2026,316,47,11,2,7,93,12,".228",".350","8","1179",".224",".341",".332",".327"
"Feduccia, Hunter",676439,2026,191,27,8,1,3,47,18,".232",".345","1","781",".249",".396",".320",".344"
"Hoerner, Nico",663538,2026,546,97,26,1,7,46,40,".265",".364","6","1944",".301",".377",".289",".330"
"McCann, James",543510,2026,122,25,5,0,4,29,4,".296",".443","1","455",".225",".371",".395",".301"
"Mastrobuoni, Miles",670156,2026,30,5,0,0,0,10,2,".192",".192","0","107",".145",".201",".294",".227"
"Báez, Joshua",695491,2026,23,0,0,0,3,7,0,".143",".571","1","76",".248",".649",".200",".348"
"Crow-Armstrong, Pete",691718,2026,566,73,25,7,31,153,68,".282",".555","11","2257",".252",".472",".408",".369"
"Lile, Daylen",695734,2026,516,74,23,5,15,97,29,".245",".409","6","1842",".253",".418",".305",".317"
"Fairchild, Stuart",656413,2026,27,3,0,0,0,14,7,".158",".158","1","110",".089",".151",".600",".337"
"Del Castillo, Adrian",680728,2026,192,24,6,0,5,54,13,".199",".318","0","768",".201",".335",".285",".288"
"Outman, James",681546,2026,170,16,4,2,5,71,10,".172",".318","3","691",".162",".273",".314",".295"
"Arraez, Luis",650333,2026,529,114,27,7,5,24,27,".317",".434","4","1965",".287",".374",".327",".297"
"Flores Jr., Rafael",804668,2026,54,7,2,0,4,15,8,".283",".587","0","227",".245",".482",".419",".363"
"Carpenter, Kerry",681481,2026,259,28,5,2,13,75,18,".208",".416","5","1017",".212",".388",".302",".313"
"Lopez, Nicky",670032,2026,216,47,3,1,1,36,9,".267",".308","3","816",".235",".281",".325",".287"
"Ford, Harry",695670,2026,60,4,5,0,2,18,7,".212",".423","1","260",".147",".259",".324",".226"
"McCarthy, Jake",664983,2026,434,72,26,7,13,73,21,".295",".492","4","1419",".274",".405",".356",".334"
"Cauley, Cam",695508,2026,65,7,3,1,1,15,5,".207",".345","1","237",".192",".238",".279",".259"
"Wong, Connor",657136,2026,191,27,10,0,4,46,16,".248",".382","5","739",".226",".353",".342",".312"
"Guerrero Jr., Vladimir",665489,2026,486,87,19,0,7,65,47,".263",".356","4","1738",".282",".399",".305",".332"
"Conforto, Michael",624424,2026,224,21,12,0,10,66,27,".223",".440","1","908",".219",".406",".331",".328"
"Rogers, Jake",668670,2026,133,11,4,1,3,38,18,".173",".309","1","536",".178",".300",".253",".263"
"Soler, Jorge",624585,2026,361,35,16,1,12,118,35,".203",".373","6","1456",".206",".362",".317",".326"
"Bellinger, Cody",641355,2026,434,62,21,3,11,70,55,".259",".420","0","1655",".277",".419",".314",".340"
"Wisdom, Patrick",621550,2026,44,3,1,0,1,18,3,".122",".220","0","162",".178",".403",".217",".317"
"Bateman, Brett",703520,2026,49,11,2,0,0,10,3,".283",".326","0","158",".243",".299",".361",".313"
"Hill, Derek",656537,2026,181,27,3,0,9,63,12,".236",".418","1","708",".225",".378",".382",".366"
"Marte, Noelvi",682622,2026,201,23,7,0,6,52,10,".189",".321","0","761",".193",".304",".259",".266"
"Meidroth, Chase",805367,2026,506,86,24,0,12,115,49,".275",".410","4","2111",".234",".334",".367",".316"
"Gelof, Zack",680869,2026,281,43,12,1,14,69,19,".273",".492","4","1081",".230",".406",".374",".316"
"Henderson, Gunnar",683002,2026,567,65,22,4,20,125,51,".220",".398","9","2218",".243",".400",".291",".322"
"Trevino, Jose",624431,2026,102,17,3,0,4,20,1,".242",".394","0","346",".203",".281",".304",".256"
"Rodríguez, Johnathan",671286,2026,15,1,1,0,0,6,3,".182",".273","0","76",".138",".235",".333",".353"
"Tawa, Tim",694374,2026,220,31,9,0,7,52,15,".240",".393","0","876",".239",".387",".320",".321"
"Alcántara, Kevin",682634,2026,25,4,0,0,1,10,2,".217",".348","0","109",".254",".385",".385",".449"
"Johnston, Troy",687859,2026,375,64,25,1,3,64,32,".280",".389","5","1349",".279",".382",".341",".342"
"Taylor, Samad",669392,2026,102,26,1,1,1,30,12,".330",".398","0","411",".283",".351",".500",".429"
"Cowser, Colton",681297,2026,297,40,4,0,11,90,37,".215",".359","1","1285",".215",".421",".327",".328"
"Brennan, Will",686823,2026,23,2,0,0,0,3,0,".087",".087","0","77",".174",".238",".100",".202"
"Marte, Ketel",606466,2026,519,70,23,3,21,78,41,".249",".446","5","1874",".278",".469",".296",".333"
"Julien, Edouard",666397,2026,276,36,9,1,3,71,39,".208",".292","1","1138",".247",".401",".297",".353"
"Rengifo, Luis",650859,2026,325,54,11,0,4,43,33,".243",".324","3","1255",".256",".351",".284",".301"
"Torres, Gleyber",650402,2026,308,52,10,0,8,57,44,".270",".402","3","1286",".253",".383",".343",".321"
"Lee, Brooks",686797,2026,485,69,19,3,18,80,33,".244",".421","3","1826",".222",".327",".296",".270"
"Cabrera, Oswaldo",665828,2026,11,0,0,0,0,4,0,".000",".000","0","36",".158",".187",".000",".285"
"Caballero, José",676609,2026,361,55,12,0,12,87,23,".242",".388","5","1462",".231",".341",".325",".312"
"Freeland, Alex",690976,2026,223,35,7,0,3,68,22,".231",".313","1","909",".210",".317",".349",".320"
"d'Arnaud, Travis",518595,2026,54,7,1,0,1,14,4,".188",".271","2","195",".185",".361",".265",".261"
"Bolte, Henry",703607,2026,308,57,10,0,6,83,20,".267",".370","11","1119",".244",".367",".380",".350"
"Rodríguez, Endy",682848,2026,159,23,6,0,7,41,23,".267",".467","0","612",".245",".403",".383",".352"
"Azócar, José",640492,2026,18,4,2,0,0,4,1,".353",".471","0","69",".282",".345",".462",".368"
"Senger, Hayden",663584,2026,17,1,0,0,1,4,0,".133",".333","0","54",".150",".281",".182",".204"
"Thomas, Alek",677950,2026,100,6,9,0,2,23,3,".181",".340","2","352",".235",".397",".239",".314"
"McNeil, Jeff",643446,2026,379,69,15,0,6,44,25,".262",".358","4","1349",".277",".370",".296",".314"
"Díaz, Elias",553869,2026,163,21,9,0,5,38,4,".226",".381","1","616",".227",".361",".297",".299"
"Refsnyder, Rob",608701,2026,129,11,1,0,4,37,8,".140",".254","3","519",".170",".316",".200",".257"
"Workman, Gage",669398,2026,41,1,4,0,2,17,0,".171",".415","0","150",".222",".489",".292",".380"
"Aranda, Jonathan",666018,2026,536,97,20,0,15,124,58,".285",".425","8","2103",".264",".448",".382",".359"
"Seigler, Anthony",678011,2026,158,20,12,0,3,26,14,".252",".403","1","578",".244",".380",".304",".301"
"García Jr., Luis",671277,2026,424,59,23,5,24,70,19,".275",".536","0","1537",".282",".490",".331",".340"
"Taylor, Tyrone",621438,2026,183,21,8,0,10,35,11,".236",".467","2","700",".237",".425",".298",".299"
"Beavers, Dylan",687637,2026,233,34,12,0,3,62,22,".237",".338","2","983",".230",".356",".336",".327"
"Caissie, Owen",683357,2026,286,31,13,0,13,110,22,".225",".431","4","1182",".209",".408",".380",".363"
"Freeman, Freddie",518692,2026,527,96,29,1,15,84,55,".304",".468","3","2157",".300",".485",".366",".366"
"Groover, LuJames",694410,2026,54,5,2,0,1,11,5,".167",".271","1","208",".215",".328",".216",".281"
"India, Jonathan",663697,2026,58,5,1,0,2,13,8,".167",".313","2","237",".173",".289",".229",".237"
"Song, Sung-Mun",823550,2026,131,18,4,0,1,24,17,".207",".270","0","539",".186",".274",".264",".237"
"Raleigh, Cal",663728,2026,387,31,8,0,13,124,50,".157",".299","3","1692",".174",".356",".248",".279"
"Abrams, CJ",682928,2026,529,74,24,3,29,123,46,".280",".531","12","2022",".256",".448",".374",".347"
"Prieto, César",693409,2026,31,2,0,0,0,4,0,".065",".065","0","89",".232",".351",".074",".268"
"Larnach, Trevor",663616,2026,374,59,19,1,10,66,41,".271",".426","3","1476",".263",".405",".338",".328"
"Murphy, Sean",669221,2026,34,3,1,0,0,14,0,".118",".147","0","118",".153",".183",".200",".259"
"Rodriguez, Jesus",683679,2026,58,7,3,0,2,8,5,".235",".412","1","209",".267",".355",".279",".317"
"Collins, Isaac",686555,2026,416,52,20,3,6,93,48,".226",".349","6","1622",".229",".324",".303",".309"
"Pages, Andy",681624,2026,543,85,25,2,21,105,45,".273",".462","6","2205",".273",".440",".344",".345"
"Albies, Ozzie",645277,2026,538,79,22,0,20,75,38,".251",".420","6","1954",".231",".359",".289",".268"
"Sánchez, Gary",596142,2026,220,20,8,1,10,44,39,".220",".446","3","932",".230",".432",".291",".304"
"Freeman, Cody",683227,2026,29,7,0,0,0,7,3,".280",".280","0","120",".143",".162",".389",".199"
"Moore, Dylan",664238,2026,15,0,0,0,0,6,3,".000",".000","0","81",".096",".178",".000",".192"
"Betts, Mookie",605141,2026,377,52,14,0,15,44,26,".232",".401","1","1363",".274",".429",".265",".313"
"Bader, Harrison",664056,2026,111,8,5,0,5,34,4,".170",".358","0","421",".215",".367",".247",".322"
"Raley, Luke",670042,2026,287,34,9,1,15,93,15,".225",".439","7","1104",".252",".486",".347",".391"
"Rumfield, TJ",681198,2026,492,87,25,2,13,71,47,".293",".449","9","1818",".255",".378",".348",".305"
"McLain, Matt",680574,2026,377,36,16,0,11,104,42,".192",".341","4","1538",".229",".390",".280",".336"
"Jackson, Alex",656577,2026,69,15,4,0,1,23,1,".303",".409","2","253",".191",".264",".465",".293"
"Haggerty, Sam",664059,2026,47,6,1,0,0,16,2,".159",".182","1","167",".156",".181",".250",".244"
"Nuñez, Nasim",683083,2026,412,74,4,3,1,85,44,".228",".265","1","1656",".224",".272",".297",".293"
"Garcia, Aramis",605244,2026,19,2,0,0,1,6,0,".158",".316","0","64",".198",".415",".231",".289"
"Church, Nathan",701675,2026,349,55,10,1,9,66,19,".234",".355","3","1335",".242",".362",".288",".301"
"Kuroda-Grauer, Joshua",811965,2026,62,17,7,0,1,7,1,".417",".583","1","226",".317",".416",".472",".358"
"Manzardo, Kyle",700932,2026,356,43,10,1,13,114,36,".215",".378","6","1459",".219",".379",".335",".342"
"Stevens, Chad",677060,2026,34,1,0,0,0,13,5,".036",".036","0","151",".117",".186",".063",".205"
"Walton, Donovan",622268,2026,160,23,11,1,3,28,16,".273",".432","3","619",".244",".361",".342",".305"
"Stephenson, Tyler",663886,2026,347,47,16,0,12,91,37,".245",".415","2","1409",".251",".466",".346",".359"
"DeLuca, Jonny",676356,2026,251,38,17,0,8,51,11,".265",".437","0","909",".246",".359",".337",".313"
"Helman, Michael",680737,2026,35,3,1,0,1,6,1,".167",".300","2","113",".147",".208",".200",".177"
"Altuve, Jose",514888,2026,426,65,15,2,13,86,35,".246",".396","2","1536",".223",".330",".315",".286"
"Reyes, Felix",694025,2026,38,4,1,0,1,9,0,".158",".263","0","118",".229",".314",".207",".300"
"Suzuki, Seiya",673548,2026,479,66,24,0,22,123,56,".269",".486","4","2070",".247",".428",".378",".349"
"Foscue, Justin",679822,2026,168,23,7,1,8,43,13,".257",".474","2","660",".235",".426",".355",".327"
"Fulford, Braxton",690924,2026,74,7,4,0,1,31,6,".185",".292","1","301",".136",".226",".333",".245"
"Goodman, Hunter",696100,2026,460,53,16,1,34,152,39,".251",".541","4","1730",".231",".467",".392",".363"
"Wagner, Will",695238,2026,45,8,1,0,0,7,10,".257",".286","0","176",".249",".282",".321",".314"
"Carter, Evan",694497,2026,359,38,11,2,8,86,42,".193",".321","4","1474",".200",".324",".268",".277"
"Jones, Jahmai",663330,2026,130,14,6,0,4,42,12,".203",".356","0","482",".237",".402",".316",".369"
"Valencia, Eduardo",680664,2026,60,9,6,0,6,17,1,".362",".776","1","242",".255",".553",".512",".360"
"Mancini, Trey",641820,2026,14,3,0,1,0,3,0,".308",".462","0","49",".241",".322",".364",".323"
"Meckler, Wade",685133,2026,222,45,10,0,3,49,20,".290",".385","1","799",".253",".352",".384",".336"
"Tellez, Rowdy",642133,2026,11,1,0,0,1,3,1,".200",".500","0","52",".339",".828",".286",".484"
"Santana, Carlos",467793,2026,26,1,1,0,0,8,2,".083",".125","0","106",".141",".192",".125",".212"
"Veen, Zac",691728,2026,16,2,1,0,2,5,1,".333",".800","0","50",".276",".663",".500",".415"
"Swanson, Dansby",621020,2026,458,50,16,3,18,106,48,".216",".404","2","1770",".223",".389",".289",".301"
"Walls, Taylor",670764,2026,357,50,14,2,2,87,37,".222",".301","2","1415",".189",".255",".306",".261"
"Madrigal, Nick",663611,2026,52,11,1,0,0,3,7,".273",".295","1","208",".232",".286",".293",".249"
"Cavanaugh, Drew",701852,2026,91,18,1,0,0,19,13,".250",".263","0","347",".260",".367",".333",".350"
"Heim, Jonah",641680,2026,290,30,15,0,11,54,22,".213",".395","2","1069",".234",".382",".264",".292"
"DeLauter, Chase",800050,2026,453,79,22,1,13,64,47,".285",".442","0","1754",".277",".430",".336",".331"
"Hernández, Heriberto",681715,2026,347,39,13,1,18,98,33,".228",".450","2","1361",".245",".470",".332",".360"
"Giménez, Andrés",665926,2026,415,64,19,1,8,81,14,".241",".359","12","1545",".231",".321",".301",".293"
"Ramírez, Agustín",682663,2026,164,24,8,1,2,38,17,".243",".354","2","633",".225",".303",".327",".303"
"Marsee, Jakob",805300,2026,482,59,14,4,7,103,62,".207",".314","9","1892",".221",".314",".277",".296"
"Marchán, Rafael",665561,2026,92,7,0,0,2,14,2,".102",".170","2","362",".181",".248",".122",".215"
"Ramírez, Pedro",699393,2026,149,26,10,1,2,29,12,".289",".422","0","535",".267",".353",".364",".338"
"Marte, Starling",516782,2026,168,30,5,0,2,41,9,".242",".314","4","647",".230",".364",".325",".310"
"Clark, Max",703601,2026,71,12,2,2,1,16,4,".258",".394","1","265",".260",".343",".340",".344"
"Hays, Austin",669720,2026,59,11,1,0,2,16,1,".241",".362","0","221",".284",".382",".333",".392"
"Crooks, Jimmy",699625,2026,128,12,5,0,4,41,8,".183",".330","4","485",".200",".378",".280",".312"
"Ruiz, Esteury",665923,2026,175,20,10,1,6,52,19,".257",".465","9","680",".204",".341",".398",".318"
"Neto, Zach",687263,2026,544,61,24,3,20,172,52,".224",".410","8","2173",".199",".385",".346",".309"
"Vargas, Ildemaro",545121,2026,386,65,17,4,9,37,22,".265",".409","2","1370",".279",".383",".294",".312"
"Pauley, Graham",688363,2026,115,11,9,0,1,27,5,".194",".306","0","465",".182",".280",".256",".240"
"Brito, Juan",682877,2026,56,5,4,0,0,17,4,".176",".255","1","235",".205",".287",".265",".308"
"Kelly, Carson",608348,2026,330,58,12,0,7,56,34,".263",".375","3","1296",".242",".377",".325",".300"
"Halpin, Petey",690984,2026,131,20,4,1,2,26,3,".221",".320","2","445",".243",".372",".278",".306"
"Perez, Salvador",521692,2026,488,62,17,1,16,97,18,".214",".363","12","1810",".232",".411",".267",".295"
"Contreras, Willson",575929,2026,474,64,21,2,25,120,53,".283",".535","21","1838",".258",".498",".401",".372"
"Thomas, Lane",657041,2026,346,40,18,0,11,86,41,".229",".399","2","1424",".242",".376",".318",".336"
"Freeman, Tyler",671289,2026,288,53,6,1,3,34,11,".247",".314","15","1024",".265",".353",".285",".306"
"Morabito, Nick",703492,2026,12,0,0,0,0,9,0,".000",".000","1","53",".126",".156",".000",".694"
"White, Tommy",695720,2026,109,24,2,0,2,18,4,".267",".343","0","374",".266",".379",".322",".321"
"Karros, Kyle",691720,2026,396,58,20,2,10,81,47,".265",".424","6","1612",".256",".405",".344",".337"
"Roden, Alan",702176,2026,72,11,3,0,0,10,8,".230",".279","0","255",".277",".389",".264",".332"
"Adell, Jo",666176,2026,510,71,20,1,19,124,21,".237",".405","16","1977",".258",".455",".318",".350"
"Smith, Pavin",656976,2026,89,9,1,0,1,18,10,".141",".192","0","359",".188",".253",".180",".247"
"Franklin, Christian",681047,2026,28,3,1,0,0,7,5,".182",".227","1","131",".167",".324",".267",".245"
"Rocchio, Brayan",677587,2026,475,78,18,2,10,70,32,".253",".375","9","1819",".244",".350",".300",".290"
"Yastrzemski, Mike",573262,2026,318,37,16,1,9,76,32,".225",".386","4","1333",".234",".370",".306",".320"
"Moore, Christian",695681,2026,22,4,0,0,0,11,1,".200",".200","0","93",".188",".241",".400",".377"
"Bell, Josh",605137,2026,495,73,25,1,17,103,40,".258",".431","2","1955",".251",".445",".332",".324"
"Hayes, Ke'Bryan",663647,2026,193,19,2,1,5,38,10,".149",".254","2","671",".245",".400",".189",".312"
"Báez, Javier",595879,2026,144,26,7,0,2,26,4,".255",".350","2","483",".251",".318",".313",".313"
"Frazier, Adam",624428,2026,110,15,6,1,1,31,9,".235",".347","1","436",".194",".257",".343",".283"
"Kelenic, Jarred",672284,2026,77,13,2,0,1,28,8,".232",".304","0","299",".236",".447",".390",".397"
"Canzone, Dominic",686527,2026,376,47,20,1,19,78,35,".260",".496","4","1425",".271",".492",".336",".352"
"Rortvedt, Ben",666163,2026,13,2,0,0,0,5,0,".154",".154","0","53",".192",".218",".250",".312"
"McGonigle, Kevin",805808,2026,551,95,21,3,13,77,77,".281",".422","3","2205",".260",".423",".335",".310"
"Wynns, Austin",642851,2026,89,11,0,0,1,24,5,".146",".183","0","338",".200",".290",".207",".283"
"Vaughn, Andrew",683734,2026,261,45,16,2,5,39,29,".302",".458","5","1050",".270",".393",".362",".326"
"Schmitt, Casey",669477,2026,409,66,17,1,21,81,11,".271",".483","7","1449",".288",".512",".339",".362"
"Ramírez, José",608070,2026,402,52,20,0,10,48,54,".241",".388","2","1644",".285",".430",".276",".328"
"Basallo, Samuel",694212,2026,311,42,9,1,16,82,26,".241",".450","1","1144",".250",".469",".337",".350"
"Burger, Jake",669394,2026,480,66,18,0,21,128,36,".239",".424","3","1761",".231",".399",".335",".325"
"Moniak, Mickey",666160,2026,327,41,14,4,19,84,18,".261",".525","3","1151",".218",".413",".351",".296"
"Gonzalez, Romy",663853,2026,73,7,3,1,1,21,5,".185",".308","2","288",".231",".335",".273",".342"
"Ward, Ryan",669899,2026,60,5,4,0,3,17,5,".218",".455","0","252",".239",".424",".316",".348"
"Springer, George",543807,2026,403,54,15,2,12,74,40,".234",".389","3","1613",".231",".372",".293",".290"
"Meadows, Parker",678009,2026,39,7,1,1,0,10,2,".250",".333","1","163",".212",".277",".346",".294"
"Massey, Michael",686681,2026,352,57,20,1,11,62,18,".272",".440","0","1291",".241",".397",".330",".296"
"Donovan, Brendan",680977,2026,144,22,6,1,3,22,12,".256",".392","6","532",".239",".337",".308",".289"
"De La Cruz, Elly",682829,2026,478,65,19,5,20,131,52,".259",".470","2","1931",".266",".466",".372",".388"
"Bowen, Jase",687749,2026,81,9,2,0,2,30,2,".169",".273","2","269",".211",".353",".277",".348"
"Hoskins, Rhys",656555,2026,317,21,13,0,13,100,47,".179",".376","3","1336",".174",".348",".281",".278"
"Arcia, Orlando",606115,2026,50,11,1,0,1,8,2,".271",".354","0","168",".223",".298",".325",".268"
"Guzman, Denzer",694203,2026,189,31,5,0,5,47,10,".233",".347","1","687",".234",".341",".318",".319"
"Jackson, Jeremiah",669236,2026,248,36,10,0,7,51,8,".226",".359","2","858",".244",".387",".285",".310"
"Tolbert, Tyler",686475,2026,107,21,5,0,3,19,9,".312",".462","0","370",".257",".335",".387",".328"
"Lukes, Nathan",664770,2026,328,61,11,0,6,47,19,".263",".360","5","1293",".258",".334",".311",".305"
"Turner, Trea",607208,2026,543,84,21,1,17,117,35,".246",".393","4","2041",".248",".373",".318",".325"
"Gorman, Nolan",669357,2026,229,28,4,0,7,74,25,".194",".318","0","947",".197",".351",".300",".306"
"Mullins, Cedric",656775,2026,413,51,9,3,13,84,32,".210",".359","7","1611",".185",".304",".270",".239"
"Ortiz, Abimelec",694673,2026,44,6,1,0,5,10,1,".279",".651","0","187",".277",".631",".364",".361"
"Soto, Juan",665742,2026,359,52,8,2,21,48,63,".283",".539","0","1439",".297",".589",".336",".353"
"Wagaman, Eric",676572,2026,47,6,0,0,2,11,4,".190",".333","1","199",".230",".368",".258",".311"
"Teodosio, Bryce",669326,2026,51,8,2,0,0,18,3,".213",".255","0","177",".160",".236",".345",".259"
"Farmer, Kyle",571657,2026,16,3,1,0,0,4,0,".267",".333","0","52",".264",".304",".333",".334"
"Mangum, Jake",663968,2026,380,82,15,2,4,69,21,".299",".388","9","1364",".255",".337",".371",".318"
"Yorke, Nick",694377,2026,94,14,4,0,1,19,7,".226",".310","2","351",".258",".376",".288",".332"
"Durán, Rodolfo",660710,2026,91,5,4,0,3,24,7,".146",".305","1","353",".180",".323",".207",".255"
"Polanco, Jorge",593871,2026,145,13,5,0,2,36,9,".148",".230","0","564",".189",".284",".202",".257"
"Malgeri, Ben",701162,2026,69,10,2,0,3,15,10,".263",".456","1","261",".238",".360",".349",".322"
"Caglianone, Jac",695506,2026,459,72,22,2,22,118,29,".278",".494","4","1645",".282",".514",".383",".390"
"McGuire, Reese",624512,2026,34,5,0,0,0,9,2,".172",".172","2","110",".186",".215",".250",".270"
"Kennedy, Buddy",671083,2026,41,3,1,0,0,13,4,".111",".139","1","180",".176",".263",".174",".276"
"Garcia, Maikel",672580,2026,303,51,17,2,3,47,24,".264",".372","0","1156",".271",".372",".315",".328"
"Mesa Jr., Victor",683748,2026,179,19,3,2,10,40,16,".214",".447","1","660",".230",".426",".283",".306"
"Mauricio, Ronny",677595,2026,50,7,1,0,1,18,0,".180",".260","0","172",".181",".299",".281",".282"
"Mack, Joe",691788,2026,243,34,7,0,12,61,16,".240",".434","2","954",".235",".424",".331",".324"
"Eaton, Nate",681987,2026,39,1,2,0,1,12,5,".125",".281","2","164",".160",".316",".200",".257"
"Friedl, TJ",670770,2026,245,24,6,1,3,57,20,".158",".237","4","911",".174",".240",".214",".238"
"Clarke, Denzel",672016,2026,60,8,1,0,0,24,4,".170",".189","0","242",".163",".190",".310",".303"
"Rivas, Leo",660844,2026,130,11,2,1,0,38,16,".130",".167","3","570",".153",".215",".197",".232"
"Turang, Brice",668930,2026,527,73,28,3,16,132,68,".265",".446","0","2231",".256",".433",".372",".360"
"Mayer, Marcelo",691785,2026,228,32,10,0,3,44,16,".220",".312","3","836",".201",".297",".274",".257"
"Scott II, Victor",687363,2026,184,24,4,0,2,44,16,".194",".258","2","683",".221",".293",".268",".309"
"Crawford, Justin",702222,2026,371,69,17,4,2,68,21,".270",".361","3","1349",".256",".318",".335",".319"
"Peña, Jeremy",665161,2026,339,59,14,1,14,68,21,".284",".471","6","1239",".281",".420",".361",".358"
"Gurriel Jr., Lourdes",666971,2026,189,26,8,0,2,34,10,".207",".287","2","681",".234",".315",".252",".295"
"Caminero, Junior",691406,2026,547,77,18,1,35,102,66,".275",".537","2","2109",".271",".501",".347",".344"
"Peters, Tristan",671976,2026,370,56,25,3,7,67,27,".274",".431","5","1340",".251",".373",".341",".314"
"Garcia, Jhostynxon",691373,2026,51,7,1,0,0,17,1,".163",".184","1","179",".211",".301",".250",".323"
"León, Sandy",506702,2026,44,4,0,0,0,18,0,".091",".091","0","178",".135",".170",".154",".228"
"Keys, Sean",815873,2026,37,4,1,0,1,13,1,".167",".278","0","169",".176",".286",".261",".275"
"Waldschmidt, Ryan",814439,2026,217,37,13,1,2,63,14,".273",".381","4","851",".252",".378",".398",".368"
"Arenado, Nolan",571448,2026,458,57,20,1,20,93,42,".241",".443","7","1853",".232",".361",".310",".298"
"Story, Trevor",596115,2026,176,24,7,0,3,57,8,".206",".303","1","655",".212",".309",".309",".322"
"Ewing, A.J.",805999,2026,354,53,16,1,7,94,34,".247",".372","2","1435",".255",".403",".348",".362"
"Rosario, Amed",642708,2026,201,26,5,1,10,53,12,".226",".425","0","753",".242",".418",".309",".335"
"Harris, Dustin",687957,2026,52,8,1,1,0,7,6,".233",".302","1","189",".286",".356",".270",".336"
"Loftin, Nick",679845,2026,312,36,20,1,5,49,31,".232",".371","6","1167",".231",".336",".279",".281"
"Sánchez, Jesús",660821,2026,271,40,16,0,8,61,17,".262",".426","6","1018",".265",".443",".342",".349"
"Hernández, Teoscar",606192,2026,353,54,14,1,11,95,28,".250",".403","2","1409",".246",".417",".351",".348"
"Smith, Cam",701358,2026,449,55,15,3,17,109,35,".223",".402","6","1828",".247",".442",".302",".337"
"Jung, Josh",673962,2026,396,71,23,1,9,71,33,".294",".441","6","1461",".286",".432",".364",".357"
"Laureano, Ramón",657656,2026,206,22,6,2,7,65,20,".203",".374","2","847",".222",".409",".311",".340"
"Arroyo, Edwin",695490,2026,142,28,3,1,0,31,5,".244",".282","3","502",".289",".367",".317",".379"
"Alexander, Blaze",677942,2026,246,51,12,2,4,54,16,".312",".439","4","936",".308",".467",".411",".408"
"Pratt, Cooper",806198,2026,159,29,5,1,2,32,18,".272",".368","1","624",".258",".353",".343",".338"
"Kirk, Alejandro",672386,2026,197,36,6,0,6,23,22,".279",".419","0","735",".260",".361",".316",".296"
"Lawlar, Jordan",691783,2026,52,9,2,0,1,15,3,".261",".370","3","209",".242",".338",".387",".359"
"Dubón, Mauricio",643289,2026,482,80,23,2,10,61,29,".258",".387","2","1768",".266",".378",".298",".309"
"Stewart, Sal",701398,2026,544,74,24,0,26,119,53,".258",".471","4","2141",".252",".467",".337",".337"
"Martínez, Angel",682657,2026,310,39,17,1,12,70,8,".238",".428","5","1110",".257",".412",".312",".338"
"Morel, Christopher",666624,2026,77,9,3,0,0,28,5,".169",".211","1","271",".184",".235",".279",".303"
"Acuña Jr., Ronald",660670,2026,325,41,12,1,13,75,40,".241",".432","5","1313",".258",".490",".327",".354"
"Witt Jr., Bobby",677951,2026,476,79,26,1,15,84,49,".287",".460","2","1764",".301",".504",".355",".378"
"Vargas, Miguel",678246,2026,542,53,28,1,28,97,69,".239",".487","7","2116",".263",".517",".299",".334"
"Espinal, Santiago",669289,2026,60,11,3,0,1,8,1,".268",".375","0","224",".285",".374",".306",".328"
"Contreras, William",661388,2026,504,85,18,1,12,71,47,".260",".385","4","1797",".262",".440",".304",".309"
"Higashioka, Kyle",543309,2026,186,25,4,0,7,47,19,".218",".370","2","765",".219",".351",".305",".306"
"Arias, Gabriel",672356,2026,139,23,3,0,5,58,7,".235",".371","0","522",".220",".379",".419",".395"
"Perdomo, Geraldo",672695,2026,528,76,17,6,9,66,74,".246",".374","4","2245",".250",".342",".285",".295"
"Díaz, Yandy",650490,2026,534,105,21,1,18,76,45,".306",".468","10","1984",".291",".450",".360",".349"
"Frelick, Sal",686217,2026,313,47,14,0,4,31,25,".236",".330","2","1195",".243",".322",".262",".271"
"Campusano, Luis",669134,2026,153,24,11,0,5,32,20,".305",".504","2","625",".258",".421",".404",".342"
"Trammell, Taylor",666211,2026,202,24,6,2,7,65,19,".219",".393","4","764",".201",".398",".345",".317"
"Palacios, Richie",680700,2026,307,46,11,2,5,57,38,".243",".357","3","1207",".248",".339",".308",".316"
"Kayfus, CJ",692216,2026,25,2,1,0,1,8,2,".182",".364","1","108",".169",".427",".286",".266"
"Griffin, Konnor",804606,2026,247,45,10,2,5,65,16,".276",".404","4","957",".240",".392",".383",".338"
"Robinson, Chuckie",642020,2026,26,2,0,0,0,5,0,".087",".087","0","90",".159",".181",".111",".204"
"Simon, Ronny",682927,2026,34,8,1,0,0,4,2,".290",".323","0","129",".276",".373",".333",".317"
"Castellanos, Nick",592206,2026,122,13,5,0,4,34,5,".191",".339","0","477",".244",".400",".265",".338"
"Beck, Jordan",687597,2026,120,10,7,2,1,32,9,".182",".309","0","455",".206",".296",".253",".290"
"Schuemann, Max",680474,2026,87,6,6,0,2,21,12,".194",".361","3","358",".203",".336",".275",".286"
"Conine, Griffin",665052,2026,194,27,6,0,14,57,22,".278",".562","3","728",".276",".549",".420",".417"
"Langeliers, Shea",669127,2026,416,57,19,0,23,96,34,".263",".497","5","1557",".268",".513",".352",".359"
"Jensen, Carter",695600,2026,468,49,25,1,16,136,48,".220",".402","2","1941",".199",".353",".323",".294"
"Delgado, Raynel",669384,2026,36,7,1,0,1,5,2,".273",".394","0","108",".248",".333",".321",".293"
"Shewmake, Braden",669699,2026,91,14,5,0,3,16,2,".259",".424","0","297",".246",".411",".310",".305"
"Muncy, Max",571970,2026,440,53,18,1,25,112,50,".252",".499","4","1777",".241",".480",".354",".338"
"Locklear, Tyler",682988,2026,42,6,3,0,1,9,4,".278",".444","1","171",".252",".427",".357",".325"
"Pozo, Yohel",650968,2026,50,10,1,0,1,6,1,".250",".333","0","177",".243",".303",".279",".275"
"Sánchez, Ali",645305,2026,65,13,2,0,1,16,1,".262",".344","2","231",".261",".321",".348",".348"
"O'Neill, Tyler",641933,2026,251,31,8,0,10,70,27,".221",".392","2","1017",".218",".403",".322",".318"
"Schwarber, Kyle",656941,2026,541,58,15,1,37,184,80,".247",".531","6","2285",".235",".491",".411",".394"
"Rojas, Josh",668942,2026,80,13,3,0,1,13,3,".224",".303","0","293",".179",".256",".270",".216"
"Bohm, Alec",664761,2026,496,74,22,0,14,69,32,".244",".386","8","1812",".260",".405",".284",".306"
"Yoshida, Masataka",807799,2026,297,50,16,1,5,33,28,".274",".399","3","1071",".262",".372",".309",".300"
"Bericoto, Victor",682674,2026,75,12,3,0,4,21,1,".257",".459","0","281",".219",".453",".358",".306"
"Norby, Connor",681393,2026,256,27,14,0,4,75,28,".205",".324","8","969",".193",".332",".310",".292"
"Isbel, Kyle",664728,2026,224,34,7,1,4,50,12,".229",".333","3","809",".230",".308",".301",".303"
"McCutchen, Andrew",457705,2026,83,11,2,0,1,22,9,".192",".260","0","356",".164",".265",".269",".231"
"Urías, Luis",649966,2026,59,7,3,0,3,10,6,".250",".481","0","230",".237",".351",".302",".291"
"Diaz, Yainer",673237,2026,246,42,9,0,8,38,9,".252",".393","1","789",".271",".404",".298",".323"
"Edwards, Xavier",669364,2026,533,104,16,6,6,72,62,".286",".385","0","2058",".263",".365",".333",".308"
"Jansen, Danny",643376,2026,146,11,6,1,3,42,13,".165",".299","5","590",".165",".267",".247",".246"
"Mayo, Coby",691723,2026,327,32,12,3,17,105,24,".214",".445","3","1324",".223",".437",".328",".343"