"last_name, first_name","player_id","year","pa","single","double","triple","home_run","strikeout","walk","batting_avg","slg_percent","p_hit_by_pitch","p_total_pitches","xba","xslg","bacon","xbacon"
"Kilian, Caleb",668873,2026,209,34,2,1,6,56,22,".238",".359","1","786",".216",".360",".341",".312"
"Skubal, Tarik",669373,2026,446,56,20,1,12,135,20,".213",".352","5","1720",".226",".343",".313",".333"
"Hoffman, Jeff",656546,2026,244,35,11,2,4,82,24,".248",".376","6","1005",".216",".338",".394",".365"
"Irvin, Jake",663623,2026,313,41,13,0,12,72,31,".244",".424","7","1279",".247",".461",".325",".335"
"Springs, Jeffrey",605488,2026,479,65,19,4,28,88,44,".272",".532","2","1875",".255",".455",".336",".320"
"Sabrowski, Erik",681870,2026,149,12,5,2,3,57,25,".182",".331","1","611",".155",".280",".333",".297"
"Warren, Will",701542,2026,517,74,31,2,18,117,41,".269",".461","3","2005",".265",".420",".354",".352"
"Irvin, Cole",608344,2026,30,5,2,0,1,5,3,".308",".500","1","102",".288",".512",".381",".356"
"Arrighetti, Spencer",681293,2026,386,46,10,0,12,87,50,".215",".360","14","1504",".238",".395",".292",".329"
"Waldron, Matt",663362,2026,169,32,9,2,7,31,10,".327",".549","2","616",".237",".390",".400",".294"
"Sanmartin, Reiver",665665,2026,46,8,3,1,3,10,3,".349",".674","0","166",".292",".500",".455",".381"
"Gonzales, Marco",594835,2026,29,5,2,0,0,3,4,".280",".360","0","118",".208",".294",".318",".236"
"Ashby, Aaron",676879,2026,303,48,9,0,5,97,34,".234",".325","2","1234",".204",".289",".365",".319"
"Paredes, Mike",702474,2026,154,23,5,2,6,19,13,".269",".470","3","551",".279",".446",".308",".321"
"Walker, Ryan",676254,2026,125,25,2,2,4,19,15,".308",".477","1","490",".260",".389",".375",".316"
"Minter, A.J.",621345,2026,122,17,2,2,5,25,3,".222",".402","1","432",".231",".401",".283",".294"
"Bazardo, Eduard",660825,2026,235,36,11,0,8,55,16,".259",".425","1","893",".252",".416",".342",".340"
"Imanaga, Shota",684007,2026,578,76,18,1,29,140,32,".230",".429","5","2256",".235",".411",".310",".317"
"Strahm, Matt",621381,2026,161,19,8,0,12,30,14,".269",".572","2","633",".225",".428",".339",".284"
"Pfaadt, Brandon",694297,2026,379,56,16,1,8,61,24,".233",".353","4","1387",".235",".373",".279",".286"
"Hall, DL",669084,2026,152,14,3,0,3,38,26,".161",".258","1","638",".203",".293",".230",".291"
"Abner, Philip",691769,2026,64,9,3,0,2,6,8,".250",".411","0","245",".305",".539",".280",".341"
"Loáisiga, Jonathan",642528,2026,196,30,10,0,3,36,11,".240",".346","1","741",".233",".352",".295",".291"
"Alcantara, Sandy",645261,2026,702,107,27,2,17,130,46,".237",".364","7","2570",".246",".365",".295",".307"
"Barnett, Mason",686930,2026,185,24,5,1,12,38,24,".266",".538","2","743",".250",".446",".347",".327"
"Ramírez, Yohan",670990,2026,296,29,15,0,4,79,41,".196",".306","10","1141",".210",".293",".289",".310"
"Woodford, Jake",663765,2026,126,30,4,2,4,23,7,".348",".522","0","457",".333",".484",".421",".410"
"Way, Beck",694360,2026,105,22,1,0,4,21,10,".293",".435","1","389",".257",".395",".370",".340"
"Burgos, Raymond",670103,2026,34,2,0,0,2,5,1,".121",".303","0","119",".228",".447",".143",".269"
"Beck, Brendan",694341,2026,31,1,2,0,4,4,5,".269",".808","0","139",".300",".656",".318",".355"
"Thompson, Keegan",624522,2026,57,10,7,1,1,11,2,".365",".596","0","195",".343",".623",".442",".416"
"Cantillo, Joey",676282,2026,542,80,25,2,15,139,59,".256",".411","2","2176",".228",".368",".359",".321"
"Kelly, Michael",547184,2026,32,8,1,2,1,6,6,".462",".769","0","121",".349",".522",".600",".454"
"Suarez, José",660761,2026,258,42,15,0,6,60,25,".278",".423","3","1016",".250",".342",".375",".339"
"Avila, Luinder",679883,2026,309,46,17,1,7,61,42,".272",".425","2","1293",".251",".396",".351",".329"
"Teng, Kai-Wei",678906,2026,301,40,10,2,10,67,30,".238",".408","11","1162",".245",".398",".321",".330"
"Phillips, Connor",683175,2026,133,13,4,1,3,28,28,".208",".356","3","546",".240",".407",".284",".332"
"Wilson, Bryse",669060,2026,116,29,2,1,3,23,2,".313",".429","2","416",".290",".419",".393",".365"
"Basso, Brady",669620,2026,100,14,11,1,2,19,3,".292",".490","0","357",".267",".369",".359",".337"
"Pearson, Nate",663878,2026,122,16,3,0,1,25,16,".194",".252","3","487",".227",".356",".256",".301"
"Wesneski, Hayden",669713,2026,95,15,4,2,2,18,7,".271",".435","1","321",".266",".408",".338",".337"
"Curtis, Khristian",694753,2026,17,2,0,0,0,4,2,".133",".133","0","68",".246",".399",".182",".336"
"Joyce, Ben",690829,2026,19,1,0,0,0,8,1,".056",".056","0","82",".092",".120",".100",".166"
"Gordon, Colton",676467,2026,50,13,1,1,6,11,3,".467",".933","1","202",".327",".587",".600",".427"
"Ginn, J.T.",669372,2026,533,70,18,0,14,114,53,".219",".348","8","2008",".238",".361",".287",".315"
"Bachman, Sam",696147,2026,198,21,7,0,6,46,27,".202",".351","3","761",".213",".318",".279",".294"
"Leasure, Jordan",673929,2026,78,7,2,0,6,18,8,".217",".507","0","313",".269",".624",".288",".365"
"McLean, Nolan",690997,2026,594,74,22,0,15,162,54,".213",".342","14","2359",".221",".348",".307",".322"
"Webb, Logan",657277,2026,560,87,14,6,9,110,32,".224",".326","6","2065",".249",".365",".283",".317"
"Soroka, Michael",647336,2026,375,55,18,2,6,88,21,".233",".349","5","1447",".255",".407",".312",".341"
"Rogers, Tyler",643511,2026,237,39,6,1,0,29,20,".216",".254","0","820",".227",".291",".249",".262"
"Scholtens, Jesse",669947,2026,196,26,9,1,10,34,14,".260",".492","3","723",".276",".466",".317",".340"
"Sisk, Evan",681895,2026,174,22,9,0,2,47,18,".229",".333","8","743",".194",".277",".333",".283"
"Krook, Matt",640454,2026,46,6,0,1,2,9,10,".265",".500","2","179",".293",".448",".360",".399"
"Fulton, Dax",690978,2026,57,6,1,2,0,12,10,".191",".298","0","239",".211",".289",".257",".283"
"Moll, Sam",594580,2026,225,36,4,1,5,50,28,".249",".362","5","947",".238",".361",".336",".338"
"Zeferjahn, Ryan",666171,2026,251,23,7,1,7,82,34,".184",".330","9","1080",".178",".286",".304",".296"
"King, Bryan",687911,2026,228,38,6,1,7,43,19,".259",".403","5","874",".243",".363",".325",".308"
"Schweitzer, Tyler",805326,2026,102,14,7,0,1,13,10,".242",".352","0","388",".281",".440",".282",".329"
"Newcomb, Sean",656794,2026,276,36,7,5,2,64,25,".206",".300","6","1064",".245",".348",".278",".332"
"McCullers Jr., Lance",621121,2026,195,21,12,1,7,48,27,".247",".458","2","793",".236",".378",".347",".332"
"Cuas, Jose",621016,2026,47,8,4,0,0,13,4,".279",".372","0","219",".295",".387",".400",".423"
"Ferguson, Caleb",657571,2026,130,20,5,1,4,26,17,".270",".441","0","515",".243",".380",".349",".316"
"Waguespack, Jacob",621097,2026,104,9,0,0,4,16,9,".143",".275","1","371",".194",".281",".171",".234"
"Holderman, Colin",670059,2026,199,22,4,1,1,46,17,".164",".216","9","768",".212",".332",".222",".294"
"Cavalli, Cade",676917,2026,578,93,21,0,15,151,41,".248",".375","12","2258",".242",".377",".346",".341"
"Pivetta, Nick",601713,2026,66,8,4,0,0,24,6,".200",".267","0","283",".154",".228",".333",".257"
"Gaddis, Hunter",683769,2026,182,30,4,0,5,41,17,".242",".360","2","713",".257",".402",".320",".340"
"Sugano, Tomoyuki",608372,2026,498,60,32,5,26,69,27,".266",".526","2","1900",".312",".570",".308",".367"
"Mize, Casey",663554,2026,408,51,25,1,7,95,25,".224",".352","1","1564",".229",".361",".295",".307"
"Cerantola, Eric",672021,2026,28,2,0,0,2,7,11,".235",".588","0","122",".181",".315",".400",".308"
"Suter, Brent",608718,2026,300,46,13,5,8,59,21,".261",".431","1","1234",".264",".414",".332",".337"
"Wrobleski, Justin",680736,2026,516,72,20,0,19,100,28,".231",".391","5","1900",".270",".448",".291",".340"
"Peoples, Ben",687239,2026,57,8,0,0,3,8,6,".220",".400","1","241",".217",".369",".262",".258"
"Sulser, Cole",642121,2026,197,28,13,0,6,48,14,".261",".433","0","776",".253",".461",".353",".344"
"Curry, Xzavion",675540,2026,67,9,3,0,2,10,7,".233",".383","0","241",".203",".332",".280",".244"
"Pintaro, Jonathan",702752,2026,74,7,0,0,3,18,9,".161",".306","2","298",".208",".357",".227",".295"
"Díaz, Edwin",621242,2026,79,17,3,2,3,19,10,".385",".631","3","312",".303",".456",".532",".422"
"Rogers, Taylor",573124,2026,208,37,10,1,3,39,21,".285",".402","3","822",".248",".365",".359",".317"
"Waldrep, Hurston",694462,2026,56,10,0,0,3,9,10,".295",".500","2","215",".231",".389",".371",".291"
"Vesia, Alex",681911,2026,185,16,5,1,2,56,29,".155",".239","0","787",".178",".290",".240",".284"
"Duarte, Daniel",650960,2026,73,6,1,0,1,17,5,".119",".179","1","302",".194",".291",".160",".260"
"Strzelecki, Peter",657265,2026,47,5,3,0,1,6,4,".220",".366","1","189",".176",".298",".250",".216"
"Harris, Hogan",663687,2026,253,39,6,0,6,72,35,".242",".355","5","1078",".211",".323",".364",".319"
"Junk, Janson",676083,2026,396,69,17,2,12,66,26,".275",".431","1","1484",".258",".408",".332",".316"
"Hudson, Bryan",663542,2026,224,41,6,0,4,51,17,".266",".359","4","859",".229",".324",".347",".305"
"Gibson, Cade",806188,2026,163,30,6,0,2,30,17,".284",".373","6","648",".250",".321",".352",".314"
"Acton, Garrett",670183,2026,28,2,2,0,0,9,3,".174",".261","1","115",".190",".267",".267",".298"
"Beck, Tristan",663941,2026,64,12,2,1,2,6,5,".304",".482","1","247",".249",".434",".333",".278"
"Henriquez, Edgardo",683618,2026,202,22,6,1,1,54,23,".174",".238","5","800",".176",".241",".254",".257"
"Whitlock, Garrett",676477,2026,168,23,6,0,3,49,7,".203",".297","0","621",".218",".314",".288",".311"
"De los Santos, Yerry",660787,2026,58,10,0,0,1,11,5,".212",".269","0","217",".261",".342",".268",".331"
"Bello, Brayan",678394,2026,385,69,15,1,11,67,28,".277",".421","4","1428",".294",".466",".337",".358"
"Allen, Logan",671106,2026,42,7,4,0,1,10,4,".324",".514","0","178",".226",".427",".429",".301"
"Weaver, Luke",596133,2026,184,22,4,1,3,48,12,".179",".268","2","687",".208",".353",".248",".289"
"Lugo, Seth",607625,2026,593,90,35,5,16,108,46,".274",".449","7","2242",".277",".460",".340",".345"
"Anderson, Jack",681252,2026,48,7,2,0,1,12,3,".222",".333","0","180",".230",".418",".303",".313"
"Myers, Tobias",668964,2026,198,26,15,1,9,33,13,".279",".519","0","710",".277",".439",".338",".339"
"Brown, Ben",676962,2026,265,35,7,1,2,65,19,".186",".248","2","1004",".223",".335",".251",".306"
"Sasaki, Roki",808963,2026,471,48,27,2,21,108,45,".234",".458","5","1887",".240",".403",".314",".323"
"Fernandez, Ryan",681676,2026,59,7,3,0,1,20,7,".212",".327","0","236",".213",".339",".344",".346"
"Weiman, Blake",676620,2026,24,8,0,0,0,5,0,".348",".348","0","95",".238",".309",".444",".304"
"Rogers, Trevor",669432,2026,529,78,28,3,13,108,35,".252",".402","3","2053",".250",".399",".319",".321"
"Hart, Kyle",606996,2026,209,22,12,1,4,49,17,".212",".353","3","827",".205",".329",".283",".277"
"Curvelo, Luis",681168,2026,54,8,5,0,4,6,6,".354",".708","0","187",".307",".544",".405",".350"
"Lynch IV, Daniel",663738,2026,218,23,11,1,4,41,16,".196",".322","2","794",".236",".370",".245",".296"
"Zimmermann, Bruce",669145,2026,21,3,3,0,0,2,1,".300",".450","0","72",".235",".324",".333",".261"
"Roupp, Landen",694738,2026,548,70,25,3,10,128,60,".225",".353","5","2283",".230",".345",".306",".313"
"Santos, Gregory",666619,2026,22,2,2,1,0,1,3,".263",".474","0","86",".327",".428",".278",".345"
"Criswell, Cooper",681867,2026,121,21,3,1,3,23,8,".257",".385","1","462",".240",".357",".318",".300"
"Collyer, Gavin",686560,2026,105,10,4,0,1,22,19,".188",".275","6","446",".192",".278",".259",".265"
"Farris, Mitch",815083,2026,204,29,11,0,9,49,23,".272",".483","1","792",".268",".450",".374",".370"
"Hentges, Sam",656529,2026,136,22,4,0,0,32,22,".239",".275","3","553",".204",".287",".329",".286"
"Klassen, George",691946,2026,101,11,4,0,2,21,18,".207",".329","1","401",".246",".381",".279",".331"
"Scott, Christian",681035,2026,367,50,15,1,8,105,35,".228",".355","8","1533",".229",".356",".338",".338"
"Kent, Jackson",800600,2026,41,8,2,0,1,9,8,".333",".485","0","162",".283",".412",".458",".389"
"Ferguson, Tyler",621053,2026,70,6,3,0,5,20,2,".215",".492","3","256",".235",".483",".311",".340"
"Medina, Luis",665622,2026,248,36,10,1,6,67,30,".252",".395","3","989",".233",".391",".363",".338"
"Johnson, Seth",686751,2026,106,14,8,0,3,26,17,".284",".477","1","427",".259",".425",".403",".367"
"Burke, Brock",656271,2026,257,28,10,2,5,62,32,".205",".336","3","980",".215",".344",".283",".301"
"Gausman, Kevin",592332,2026,609,100,25,3,18,143,40,".262",".414","1","2415",".251",".405",".348",".338"
"Misiorowski, Jacob",694819,2026,527,54,5,1,13,210,31,".151",".245","9","2083",".165",".245",".264",".290"
"Bummer, Aaron",607481,2026,88,12,5,0,7,13,11,".324",".676","1","328",".271",".521",".387",".324"
"Elder, Bryce",693821,2026,579,84,16,2,22,113,46,".237",".401","2","2063",".248",".396",".300",".315"
"Woo, Bryan",693433,2026,563,82,21,3,15,137,29,".231",".369","7","2118",".237",".383",".310",".321"
"Wicks, Jordan",696136,2026,50,13,3,1,1,8,2,".383",".553","1","180",".283",".407",".462",".341"
"Singer, Brady",663903,2026,557,93,20,2,24,104,42,".277",".469","9","2169",".271",".447",".347",".343"
"Leibrandt, Brandon",605335,2026,30,6,2,0,2,3,3,".385",".692","0","99",".323",".694",".417",".357"
"Agnos, Zach",688642,2026,315,48,20,2,8,46,25,".279",".450","5","1166",".286",".460",".328",".342"
"Iglesias, Raisel",628452,2026,188,28,8,0,5,49,14,".237",".370","1","712",".223",".361",".331",".312"
"Patrick, Chad",694477,2026,359,48,15,2,8,78,34,".230",".365","2","1419",".242",".383",".302",".320"
"Flaherty, Jack",656427,2026,389,46,20,3,11,102,42,".240",".416","7","1639",".236",".394",".339",".338"
"Smith, Burch",572143,2026,73,10,6,0,2,20,7,".277",".462","0","287",".217",".347",".400",".315"
"Williamson, Brandon",682227,2026,128,17,4,1,4,19,20,".255",".431","3","518",".276",".486",".302",".334"
"Nance, Tommy",667297,2026,190,32,3,0,5,47,18,".237",".343","0","728",".252",".387",".323",".344"
"Skenes, Paul",694973,2026,553,70,28,2,14,166,37,".228",".375","9","2273",".211",".341",".336",".313"
"Anderson, Grant",681982,2026,197,15,12,2,7,42,19,".205",".415","1","754",".209",".339",".267",".273"
"Gilbert, Logan",669302,2026,571,58,34,0,19,152,33,".211",".383","5","2257",".233",".397",".294",".327"
"Woods Richardson, Simeon",680573,2026,285,47,17,0,9,35,34,".298",".478","2","1081",".280",".461",".344",".325"
"Nardi, Andrew",677053,2026,99,12,5,0,4,27,11,".244",".442","1","378",".241",".465",".356",".351"
"Phillips, Tyler",663969,2026,434,68,12,3,13,79,42,".248",".395","3","1617",".264",".423",".312",".331"
"Megill, Trevor",656730,2026,186,21,7,0,0,54,12,".165",".206","1","684",".197",".316",".239",".288"
"Beeter, Clayton",690925,2026,160,15,3,0,6,39,24,".185",".346","2","614",".216",".365",".258",".314"
"Maxwell, Zach",687209,2026,65,12,2,0,3,11,10,".315",".519","0","288",".274",".457",".386",".339"
"Giolito, Lucas",608337,2026,138,25,3,0,4,18,23,".281",".412","1","551",".262",".406",".333",".312"
"Peterson, David",656849,2026,507,89,21,4,11,95,47,".277",".415","3","1852",".275",".417",".346",".351"
"Yean, Eddy",678868,2026,39,1,3,0,1,6,2,".139",".306","1","140",".211",".296",".167",".253"
"Scott, Tanner",656945,2026,194,23,9,0,4,62,11,".200",".317","1","755",".236",".359",".305",".360"
"Little, Brendon",663893,2026,81,12,6,0,4,23,17,".349",".635","0","328",".225",".399",".550",".354"
"Kirby, George",669923,2026,567,101,27,3,17,114,31,".278",".436","3","2106",".253",".397",".353",".322"
"Crochet, Garrett",676979,2026,138,19,9,0,5,37,11,".270",".467","4","518",".262",".442",".388",".379"
"Hoffmann, Andrew",694851,2026,59,10,3,0,3,12,8,".333",".583","1","230",".243",".399",".432",".315"
"Williams, Trevor",592866,2026,59,9,2,0,2,19,3,".236",".382","1","264",".208",".306",".361",".317"
"Sheehan, Emmet",686218,2026,412,47,26,0,20,108,30,".252",".485","8","1698",".230",".403",".351",".323"
"Raya, Marco",694397,2026,25,4,0,0,1,4,3,".227",".364","0","100",".274",".407",".278",".335"
"Jones, Jared",683003,2026,269,30,13,2,11,72,21,".230",".434","2","1048",".219",".392",".324",".309"
"Bellozo, Valente",678368,2026,48,5,0,0,5,8,7,".256",".641","1","170",".316",".737",".323",".398"
"Blackburn, Paul",621112,2026,269,35,5,0,6,56,26,".190",".285","1","981",".233",".349",".247",".303"
"Yates, Kirby",489446,2026,148,16,7,0,3,44,13,".203",".328","4","593",".188",".297",".302",".284"
"Sandlin, Nick",680704,2026,40,5,2,0,2,6,5,".290",".548","3","157",".238",".463",".346",".288"
"Kerry, Brett",695049,2026,54,5,4,1,1,12,2,".212",".385","0","212",".231",".361",".275",".300"
"Muñoz, Andrés",662253,2026,192,28,4,0,6,72,18,".221",".349","1","767",".211",".338",".376",".364"
"Varland, Louis",686973,2026,249,37,6,0,2,79,17,".197",".250","0","1008",".197",".266",".296",".296"
"Pallette, Peyton",688883,2026,97,11,4,0,2,22,16,".218",".346","3","442",".250",".384",".304",".348"
"Slaten, Justin",686580,2026,137,25,6,0,4,39,8,".276",".417","0","508",".223",".332",".398",".323"
"Mantiply, Joe",573009,2026,71,12,3,0,1,16,4,".254",".349","1","264",".266",".446",".333",".352"
"Martinez, Nick",607259,2026,574,93,27,2,17,83,22,".256",".406","3","1983",".279",".439",".300",".329"
"Walker, Taijuan",592836,2026,115,22,5,1,8,17,11,".353",".657","1","424",".312",".582",".419",".372"
"Gastelum, Luis",703725,2026,77,6,6,0,5,20,6,".246",".551","1","292",".222",".430",".340",".310"
"Ryan, Joe",657746,2026,523,70,28,1,17,138,27,".239",".405","5","2089",".224",".390",".329",".312"
"Finnegan, Kyle",640448,2026,221,32,9,1,8,39,29,".263",".447","1","849",".250",".431",".331",".315"
"Glasnow, Tyler",607192,2026,148,9,5,1,5,49,13,".149",".313","0","599",".180",".324",".233",".281"
"Cosgrove, Tom",676680,2026,51,7,3,0,2,10,3,".267",".467","1","180",".220",".330",".324",".273"
"Orze, Eric",679358,2026,189,27,13,1,1,36,21,".264",".377","2","677",".253",".367",".328",".320"
"Jameson, Drey",686753,2026,76,11,3,1,1,13,9,".242",".364","1","266",".250",".369",".302",".312"
"Alvarado, Elvis",665660,2026,161,13,9,0,8,48,19,".216",".453","2","678",".211",".456",".326",".327"
"Rodríguez, Elmer",695684,2026,83,16,2,0,1,10,11,".284",".358","3","318",".272",".385",".328",".324"
"Ekness, Josh",694795,2026,53,8,0,0,1,9,7,".200",".267","0","220",".259",".378",".250",".323"
"Blewett, Scott",656240,2026,67,13,4,0,0,9,5,".293",".362","0","247",".258",".333",".327",".319"
"Murphy, Chris",669684,2026,132,17,6,1,2,29,15,".234",".360","4","527",".211",".321",".310",".279"
"Baker, Bryan",641329,2026,189,17,7,0,3,55,16,".159",".253","1","767",".197",".300",".233",".293"
"Crow, Coleman",689441,2026,85,11,7,1,2,10,6,".276",".474","1","295",".269",".448",".309",".315"
"Montgomery, Mason",682254,2026,205,22,7,0,5,80,21,".186",".306","0","856",".184",".292",".327",".326"
"Rodriguez, Carlos",692230,2026,42,7,2,0,1,8,4,".263",".395","0","182",".228",".327",".333",".289"
"VanWey, Logan",701121,2026,22,5,0,0,0,5,0,".250",".250","0","80",".237",".344",".313",".298"
"Alvarado, José",621237,2026,211,34,8,3,4,56,22,".272",".417","8","888",".224",".337",".395",".326"
"Speier, Gabe",642100,2026,139,16,7,0,3,29,13,".222",".359","5","506",".227",".398",".289",".297"
"Martin, Corbin",656686,2026,25,3,0,0,2,4,5,".250",".550","0","111",".248",".509",".313",".310"
"May, Dustin",669160,2026,507,81,21,1,9,117,40,".247",".357","8","1931",".246",".376",".329",".331"
"Cabrera, Jose",703615,2026,81,14,3,0,3,12,7,".278",".444","2","279",".268",".455",".333",".321"
"Peralta, Wandy",593974,2026,261,45,14,1,5,39,22,".278",".410","2","990",".266",".377",".332",".318"
"Mears, Nick",683232,2026,83,10,5,1,2,15,11,".257",".443","0","341",".298",".506",".321",".373"
"Rucker, Michael",621074,2026,111,19,3,0,3,30,9,".250",".370","1","438",".238",".336",".357",".339"
"Barlow, Scott",605130,2026,153,12,7,0,7,29,20,".210",".435","7","581",".236",".448",".268",".305"
"Doval, Camilo",666808,2026,213,30,6,0,7,47,25,".240",".391","3","817",".214",".333",".312",".290"
"Murphy, Luke",684665,2026,33,4,0,0,0,6,6,".154",".154","1","142",".157",".214",".200",".204"
"Duran, Jhoan",661395,2026,177,34,3,0,1,62,8,".229",".265","3","715",".200",".260",".365",".322"
"Holmes, Grant",656550,2026,507,69,19,1,19,97,51,".242",".416","3","1877",".254",".432",".304",".324"
"Vanasco, Ricky",676568,2026,40,8,4,0,2,4,6,".412",".706","0","170",".294",".519",".467",".333"
"Romero, JoJo",668941,2026,186,28,6,1,5,43,16,".244",".384","4","721",".262",".433",".331",".356"
"Hoppe, Alex",695380,2026,141,20,9,0,2,37,12,".244",".362","1","538",".247",".341",".341",".345"
"Ragans, Cole",666142,2026,151,12,5,0,10,45,23,".213",".488","0","639",".218",".452",".325",".335"
"Murphy, Owen",702566,2026,29,4,1,0,1,6,2,".231",".385","1","116",".280",".451",".300",".364"
"Maton, Phil",664208,2026,136,23,4,2,5,31,16,".306",".514","5","546",".294",".487",".410",".401"
"Kay, Anthony",641743,2026,541,80,20,3,16,98,44,".256",".415","21","2152",".262",".411",".320",".333"
"Morgan, Eli",669212,2026,91,16,3,0,5,16,9,".300",".525","2","339",".324",".513",".375",".406"
"Adam, Jason",592094,2026,134,20,5,0,5,22,8,".242",".403","2","551",".224",".371",".294",".272"
"Bradley, Taj",671737,2026,579,73,24,0,19,151,59,".226",".383","3","2330",".229",".383",".318",".325"
"Peralta, Freddy",642547,2026,573,82,32,2,20,123,53,".267",".455","6","2338",".242",".383",".350",".319"
"Messick, Parker",800048,2026,565,67,22,4,14,142,40,".207",".346","2","2207",".221",".333",".283",".304"
"Bidois, Brandan",684049,2026,80,13,1,0,5,20,12,".297",".547","1","325",".253",".469",".413",".353"
"Poulin, PJ",676571,2026,153,16,7,0,4,25,21,".206",".351","1","635",".256",".441",".255",".318"
"Baumler, Carter",691945,2026,27,2,1,0,1,6,6,".200",".400","1","117",".206",".353",".286",".294"
"Santa, Alimber",695001,2026,59,6,1,0,1,9,6,".160",".240","0","238",".207",".272",".182",".252"
"Fedde, Erick",607200,2026,498,78,17,1,22,82,42,".264",".454","3","1952",".257",".434",".320",".313"
"Ginkel, Kevin",656464,2026,215,28,10,1,7,49,15,".236",".405","0","831",".237",".417",".307",".315"
"Borucki, Ryan",621366,2026,104,16,8,0,3,15,9,".293",".478","2","380",".253",".373",".346",".299"
"Perkins, Jack",678022,2026,387,58,17,2,16,98,33,".273",".475","9","1502",".238",".395",".378",".331"
"Cornelio, Riley",683000,2026,96,12,4,0,1,20,20,".239",".338","0","410",".192",".291",".309",".262"
"Hicks, Jordan",663855,2026,168,21,8,0,2,45,25,".221",".321","1","658",".207",".260",".320",".300"
"Griffin, Foster",656492,2026,589,80,21,1,23,131,35,".231",".400","8","2326",".252",".418",".303",".331"
"Trevino, Jose",624431,2026,29,12,2,0,0,1,1,".519",".593","1","72",".396",".570",".538",".411"
"Bido, Osvaldo",674370,2026,81,9,3,0,3,11,10,".224",".403","4","317",".273",".449",".268",".326"
"Aleman, Franco",680916,2026,82,15,2,0,2,22,8,".264",".375","2","334",".203",".305",".380",".292"
"Pérez, Martín",527048,2026,455,58,15,4,11,83,45,".218",".357","2","1721",".259",".385",".272",".327"
"Legumina, Casey",668984,2026,229,35,14,0,4,40,13,".264",".393","8","865",".267",".410",".319",".325"
"Schultz, Noah",702273,2026,291,39,12,2,9,59,31,".251",".425","8","1147",".273",".454",".328",".358"
"García, Luis",472610,2026,74,14,7,0,2,6,6,".348",".545","1","265",".329",".522",".383",".363"
"Ahlstrom, Robby",695239,2026,118,19,4,1,3,26,8,".252",".393","2","473",".255",".392",".333",".337"
"France, J.P.",641585,2026,31,4,1,0,1,4,5,".240",".400","1","117",".293",".534",".286",".349"
"McGreevy, Michael",700241,2026,538,80,27,2,18,91,34,".254",".424","0","2135",".284",".490",".308",".347"
"Bennett, Jake",687562,2026,323,52,11,0,6,61,17,".232",".330","3","1149",".229",".362",".289",".286"
"Trivino III, Lou",642152,2026,36,7,1,1,1,7,7,".370",".593","1","144",".217",".323",".476",".280"
"Black, Mason",696131,2026,130,20,2,0,5,19,19,".250",".407","2","514",".283",".475",".300",".347"
"Dollander, Chase",801403,2026,189,23,10,0,6,47,18,".238",".409","3","743",".217",".387",".325",".303"
"Lambert, Peter",663567,2026,494,64,15,0,12,117,46,".208",".325","9","1985",".202",".341",".283",".275"
"Sands, Cole",663485,2026,56,9,2,1,3,11,5,".313",".583","1","209",".268",".507",".395",".339"
"Schlittler, Cam",693645,2026,602,70,23,2,14,189,34,".196",".321","6","2386",".210",".340",".295",".317"
"Lazar, Max",676661,2026,35,5,0,0,3,5,3,".250",".531","0","128",".240",".453",".296",".287"
"Sproat, Brandon",687075,2026,414,54,17,0,17,100,48,".248",".439","9","1718",".244",".406",".345",".342"
"Valdez, Framber",664285,2026,613,103,22,2,13,111,54,".258",".378","13","2218",".258",".391",".322",".323"
"Pushard, Matt",690155,2026,32,5,1,0,0,6,4,".240",".280","1","120",".278",".390",".300",".348"
"Detmers, Reid",672282,2026,579,68,21,2,17,167,43,".207",".352","4","2310",".214",".363",".298",".312"
"Lorenzen, Michael",547179,2026,562,114,29,6,19,82,49,".338",".535","6","2188",".301",".494",".396",".357"
"Drohan, Shane",675660,2026,421,59,22,2,9,99,33,".242",".382","3","1579",".231",".367",".323",".311"
"Prielipp, Connor",687570,2026,382,55,16,2,12,94,36,".256",".425","5","1506",".237",".399",".350",".328"
"Bruihl, Justin",677865,2026,266,43,13,0,3,41,22,".258",".354","8","1016",".247",".335",".304",".299"
"Emanuel, Kent",592288,2026,23,2,2,1,0,4,3,".263",".474","1","96",".204",".320",".333",".259"
"Rom, Drew",680723,2026,37,4,4,0,1,15,4,".273",".485","0","146",".213",".352",".500",".390"
"Martin, Riley",702303,2026,32,4,0,0,1,10,3,".179",".286","0","118",".169",".312",".278",".263"
"Ritchie, JR",702275,2026,256,32,6,0,9,53,36,".221",".376","5","1023",".240",".408",".290",".319"
"Blubaugh, AJ",805123,2026,321,36,12,1,10,77,33,".212",".371","2","1319",".218",".381",".285",".303"
"Banks, Tanner",621383,2026,146,28,8,2,7,32,13,".344",".595","0","551",".262",".419",".450",".345"
"Shugart, Chase",663767,2026,176,22,5,1,9,49,17,".245",".470","4","697",".222",".409",".349",".325"
"Rivera, Eduardo",700842,2026,44,5,2,0,1,10,6,".211",".342","0","210",".205",".341",".286",".278"
"Pallante, Andre",669467,2026,564,93,24,1,10,97,41,".249",".357","6","2203",".250",".374",".305",".309"
"Fermin, José",820862,2026,181,21,7,0,6,49,20,".217",".376","4","745",".233",".391",".315",".338"
"Rodriguez, Bradgley",699134,2026,231,28,11,1,3,60,17,".204",".308","0","915",".181",".263",".283",".252"
"Samaniego, Tyler",701719,2026,90,19,2,0,1,17,8,".286",".351","2","314",".268",".398",".361",".338"
"Smith, Dylan",681916,2026,105,11,5,0,2,28,12,".205",".330","2","417",".213",".371",".295",".313"
"Laweryson, Cody",689520,2026,78,9,3,0,3,18,8,".227",".409","2","296",".245",".389",".300",".339"
"Yarbrough, Ryan",642232,2026,195,26,6,3,3,32,19,".224",".347","4","746",".224",".317",".275",".276"
"Ureña, Walbert",700712,2026,459,58,14,0,6,102,57,".199",".281","8","1842",".199",".296",".267",".269"
"McClanahan, Shane",663556,2026,423,55,16,1,8,94,35,".209",".319","4","1604",".241",".405",".278",".320"
"Lord, Brad",695418,2026,269,40,6,0,7,57,25,".226",".340","6","1135",".243",".389",".294",".323"
"Saucedo, Tayler",642048,2026,37,8,2,0,1,10,2,".324",".471","1","136",".263",".472",".458",".372"
"Gibson, Trey",694346,2026,161,26,5,0,7,30,25,".284",".478","1","619",".291",".487",".362",".374"
"Keller, Brad",641745,2026,135,23,2,0,4,32,13,".246",".364","2","533",".226",".313",".330",".307"
"Tidwell, Blade",694918,2026,110,18,3,0,2,20,10,".235",".327","1","441",".256",".354",".291",".318"
"Hill, Jaden",677955,2026,127,19,4,2,2,28,17,".257",".390","3","481",".235",".353",".346",".317"
"Lovelady, Richard",663992,2026,146,23,7,0,4,27,21,".286",".445","3","539",".282",".423",".370",".367"
"Soto, Gregory",642397,2026,222,24,8,1,5,64,22,".197",".326","4","908",".194",".292",".295",".290"
"Morejon, Adrian",670970,2026,279,44,7,0,4,83,19,".216",".290","4","1075",".205",".279",".318",".303"
"Anderson, Shaun",641312,2026,93,20,1,0,4,17,10,".309",".469","1","351",".303",".515",".391",".383"
"Natera Jr., Samy",696519,2026,104,7,5,0,1,42,10,".140",".226","1","462",".147",".231",".255",".268"
"Kelly, Zack",677161,2026,71,12,1,0,1,14,7,".233",".300","1","283",".290",".432",".292",".382"
"Pérez, Cionel",672335,2026,181,34,2,1,7,41,16,".267",".418","0","702",".265",".470",".355",".353"
"Hurter, Brant",676428,2026,101,9,5,0,1,18,12,".174",".267","1","360",".235",".332",".217",".303"
"Nola, Aaron",605400,2026,567,86,24,3,30,138,46,".278",".512","1","2266",".245",".423",".376",".334"
"Rodón, Carlos",607074,2026,211,21,9,0,4,56,28,".190",".307","1","894",".212",".341",".272",".309"
"Woodruff, Brandon",605540,2026,174,17,6,0,5,47,10,".174",".304","1","639",".200",".358",".241",".282"
"Rolison, Ryan",669020,2026,197,29,5,0,5,47,22,".225",".341","0","777",".239",".375",".307",".328"
"Smith, Cade",671922,2026,226,29,10,0,4,77,18,".211",".319","1","966",".206",".346",".331",".330"
"Vest, Will",676684,2026,116,21,5,0,2,27,10,".275",".382","2","484",".244",".365",".368",".329"
"Ross, Joe",605452,2026,57,10,3,0,3,7,6,".314",".549","0","205",".307",".524",".364",".356"
"Rock, Joe",697812,2026,53,10,1,0,0,12,11,".275",".300","2","195",".267",".402",".393",".382"
"Adams, Travis",701519,2026,174,24,6,3,6,46,17,".250",".442","0","679",".229",".399",".355",".324"
"Abreu, Bryan",650556,2026,198,18,6,1,7,57,33,".201",".384","4","828",".197",".329",".314",".308"
"Wolfram, Grant",664991,2026,168,24,12,2,3,43,13,".277",".446","4","648",".237",".370",".387",".333"
"Parker, Mitchell",680730,2026,178,31,5,1,9,34,13,".289",".503","2","664",".272",".462",".368",".347"
"Burrows, Mike",681347,2026,423,72,18,1,21,75,35,".292",".508","4","1567",".263",".441",".362",".328"
"Lawrence, Justin",664875,2026,177,19,10,1,9,43,28,".275",".549","6","684",".267",".455",".390",".379"
"Morillo, Juan",666661,2026,198,24,7,1,2,58,17,".194",".280","2","782",".181",".254",".283",".271"
"Quantrill, Cal",615698,2026,323,49,9,0,9,54,22,".229",".352","5","1215",".247",".407",".278",".300"
"Rodríguez, Yariel",684320,2026,45,9,1,0,2,6,7,".324",".514","1","172",".295",".495",".387",".353"
"Matthews, Zebby",805673,2026,410,59,19,1,19,81,31,".263",".473","3","1570",".257",".440",".332",".329"
"Rangel, Alan",660604,2026,123,18,8,1,4,29,13,".290",".495","2","491",".249",".370",".392",".338"
"Knack, Landon",689017,2026,35,3,1,0,4,6,2,".258",".677","1","126",".220",".494",".308",".277"
"Lange, Alex",656638,2026,219,32,9,2,6,51,26,".262",".428","5","908",".246",".417",".358",".336"
"Littell, Zack",641793,2026,519,79,21,1,27,72,37,".272",".493","3","1914",".293",".524",".315",".345"
"Antone, Tejay",622088,2026,175,18,8,1,5,38,13,".209",".373","5","678",".221",".362",".276",".296"
"Miller, Bryce",682243,2026,354,45,13,2,15,87,18,".225",".411","1","1360",".215",".364",".304",".293"
"Morán, Jovani",663558,2026,210,16,6,1,7,58,22,".164",".322","2","811",".193",".324",".236",".278"
"Gage, Matt",657424,2026,126,16,5,1,6,22,17,".267",".505","1","526",".257",".430",".329",".322"
"Manoah, Alek",666201,2026,39,3,3,1,1,5,8,".258",".516","0","161",".228",".473",".308",".272"
"Herget, Jimmy",623474,2026,165,22,10,1,6,36,20,".285",".504","2","667",".232",".398",".371",".310"
"Schreiber, John",670167,2026,188,25,8,0,7,33,21,".245",".423","1","757",".265",".434",".303",".327"
"Rasmussen, Drew",656876,2026,506,67,15,1,12,133,23,".200",".312","7","1995",".227",".351",".277",".314"
"Bednar, David",670280,2026,224,29,4,2,3,63,18,".188",".272","2","935",".203",".282",".270",".293"
"Akin, Keegan",669211,2026,114,21,3,2,3,17,9,".284",".441","0","443",".246",".371",".333",".291"
"Marinaccio, Ron",676760,2026,260,37,11,2,11,48,27,".270",".482","7","1042",".261",".426",".343",".331"
"Drake, Kohl",684442,2026,77,10,6,1,3,13,6,".299",".552","3","325",".317",".625",".364",".386"
"Kuhnel, Joel",669270,2026,157,27,7,0,6,22,12,".288",".468","4","562",".297",".441",".336",".350"
"Winn, Keaton",676775,2026,176,23,7,1,3,33,17,".222",".340","3","644",".240",".360",".279",".307"
"Civale, Aaron",650644,2026,403,70,25,1,17,72,25,".305",".516","3","1530",".270",".456",".377",".336"
"Matz, Steven",571927,2026,282,36,12,2,14,49,21,".251",".478","2","1114",".278",".479",".306",".342"
"Fuentes, Didier",800311,2026,223,33,8,0,4,70,15,".223",".322","2","920",".221",".344",".333",".333"
"Senga, Kodai",673540,2026,229,27,8,1,12,60,34,".251",".492","3","910",".230",".400",".364",".334"
"Kelly, Merrill",518876,2026,565,87,23,3,26,84,57,".280",".495","3","2079",".305",".554",".333",".366"
"Madden, Ty",680744,2026,146,17,4,0,3,37,12,".180",".278","1","599",".200",".302",".250",".277"
"Rajcic, Max",691008,2026,39,2,2,1,1,8,6,".182",".394","0","163",".168",".318",".240",".222"
"Clarke, Taylor",664199,2026,215,29,6,1,4,31,10,".203",".305","3","796",".256",".415",".237",".305"
"Nicolas, Kyle",693312,2026,42,6,1,0,1,7,13,".276",".414","0","198",".272",".444",".364",".368"
"Spence, Mitch",687765,2026,56,12,3,1,3,6,9,".413",".717","0","200",".279",".409",".463",".317"
"Boyle, Joe",671212,2026,81,6,6,0,1,21,9,".186",".314","0","347",".234",".361",".255",".333"
"Gore, MacKenzie",669022,2026,597,75,29,3,18,154,51,".234",".400","6","2369",".236",".378",".326",".330"
"Gasser, Robert",688107,2026,314,42,16,1,13,68,19,".253",".453","7","1216",".251",".408",".330",".329"
"Meyer, Max",676974,2026,462,55,17,2,11,121,41,".207",".339","7","1789",".227",".375",".291",".323"
"Zerpa, Angel",672582,2026,55,11,3,0,2,8,6,".333",".521","0","216",".328",".530",".400",".393"
"Sandoval, Patrick",663776,2026,160,34,10,0,3,35,16,".338",".475","1","579",".277",".412",".439",".361"
"Montero, Keider",672456,2026,535,66,21,2,14,89,30,".209",".344","5","1929",".229",".385",".253",".280"
"Latz, Jacob",656641,2026,206,13,10,0,3,58,15,".138",".238","0","881",".184",".301",".195",".266"
"Sims, Lucas",608371,2026,46,6,2,0,1,10,7,".257",".400","1","171",".220",".356",".346",".307"
"Nunez, Anthony",689296,2026,196,24,7,2,5,46,22,".226",".381","2","767",".233",".398",".309",".318"
"Henry, Cole",669371,2026,71,10,3,0,4,15,8,".288",".542","3","282",".256",".478",".386",".343"
"Hanifee, Brenan",669724,2026,93,15,4,0,5,10,7,".286",".512","1","321",".301",".500",".324",".342"
"Jobe, Jackson",695549,2026,39,6,1,1,2,8,2,".286",".543","2","145",".307",".570",".370",".401"
"Kikuchi, Yusei",579328,2026,142,21,11,0,3,33,14,".282",".444","1","567",".258",".446",".372",".346"
"Miller, Erik",669062,2026,168,20,5,0,2,55,24,".194",".273","3","739",".182",".275",".318",".302"
"Fairbanks, Pete",664126,2026,166,19,4,2,8,54,16,".226",".445","3","688",".210",".430",".355",".333"
"Bender, Anthony",669622,2026,140,16,4,0,1,41,12,".169",".226","3","539",".194",".284",".250",".286"
"Thielbar, Caleb",573204,2026,163,22,5,0,10,46,13,".250",".486","1","666",".239",".468",".363",".348"
"Blanco, Ronel",669854,2026,101,11,3,1,7,20,12,".253",".552","1","390",".246",".469",".328",".319"
"Nelson, Ryne",669194,2026,355,45,16,2,18,62,22,".249",".477","5","1292",".261",".500",".306",".322"
"Schultz, Paxton",687606,2026,153,30,7,1,5,32,12,".314",".489","1","610",".276",".453",".406",".359"
"Kent, Zak",687849,2026,69,7,7,1,3,11,7,".295",".590","0","260",".261",".451",".353",".322"
"Kolek, Stephen",663568,2026,224,34,11,2,8,34,12,".262",".448","2","837",".262",".380",".313",".313"
"Keller, Mitch",656605,2026,503,74,26,2,15,89,42,".259",".426","8","1887",".288",".455",".321",".358"
"Brogdon, Connor",641401,2026,67,6,3,0,5,14,3,".230",".525","0","267",".258",".514",".298",".335"
"Silseth, Chase",681217,2026,210,28,5,2,5,55,28,".227",".364","2","848",".225",".379",".325",".322"
"deGrom, Jacob",594798,2026,498,73,19,1,17,147,31,".237",".391","0","2024",".238",".402",".345",".347"
"Banda, Anthony",607455,2026,156,15,13,0,3,33,15,".235",".402","8","608",".234",".375",".313",".312"
"Garcia, Brandyn",805299,2026,134,16,3,0,2,41,8,".172",".246","3","481",".176",".272",".259",".265"
"Suarez, Robert",663158,2026,121,19,1,0,1,26,6,".184",".219","0","466",".252",".351",".239",".327"
"Thornton, Zac",804267,2026,200,32,5,0,6,36,14,".235",".361","1","738",".269",".455",".291",".333"
"Edwards Jr., Carl",605218,2026,25,2,0,0,1,11,4,".143",".286","0","99",".159",".250",".300",".334"
"De Jesus, Enmanuel",646241,2026,177,28,4,3,3,39,15,".241",".361","2","667",".254",".409",".319",".337"
"Holton, Tyler",663947,2026,243,41,10,1,7,45,14,".263",".411","4","917",".247",".363",".330",".310"
"Ashcraft, Graham",668933,2026,109,10,4,1,2,32,16,".183",".312","0","450",".197",".307",".279",".311"
"Davis, Tyler",699823,2026,106,13,2,0,2,22,15,".191",".281","0","394",".219",".324",".246",".284"
"Falter, Bailey",663559,2026,57,17,3,0,4,6,6,".471",".765","0","180",".355",".537",".533",".402"
"Boyd, Matthew",571510,2026,354,54,11,1,13,68,26,".246",".408","7","1331",".266",".448",".312",".338"
"Young, Danny",664849,2026,65,9,3,0,3,15,13,".313",".563","3","265",".240",".467",".455",".349"
"Eovaldi, Nathan",543135,2026,555,81,21,2,24,137,32,".250",".439","7","2007",".250",".421",".340",".341"
"Melton, Troy",675512,2026,329,34,14,1,8,73,25,".189",".322","2","1249",".218",".327",".249",".287"
"Cortes, Carlos",666126,2026,41,7,2,0,4,1,5,".361",".750","0","133",".297",".544",".371",".306"
"Sullivan, Sean",807743,2026,114,13,14,2,5,16,11,".343",".677","3","412",".241",".431",".405",".286"
"Cabrera, Edward",665795,2026,329,51,12,0,15,67,32,".268",".464","1","1280",".267",".447",".344",".345"
"Bird, Jake",656234,2026,159,26,9,0,6,37,13,".295",".489","5","623",".245",".430",".394",".328"
"Abel, Mick",690953,2026,93,16,6,0,0,23,10,".275",".350","3","357",".273",".413",".386",".384"
"Martin, Davis",663436,2026,530,86,29,0,12,111,39,".266",".402","9","2035",".271",".422",".343",".352"
"Bolton, Cody",675989,2026,95,12,6,0,3,22,14,".269",".462","1","391",".276",".472",".368",".383"
"Alexander, Jason",669920,2026,84,11,3,3,4,14,8,".280",".560","1","299",".257",".415",".344",".317"
"Gordon, Tanner",685299,2026,312,50,24,1,15,62,13,".309",".553","2","1111",".266",".485",".388",".338"
"Cleavinger, Garrett",664076,2026,157,20,6,1,5,48,17,".241",".414","2","631",".235",".378",".356",".356"
"McDermott, Chayce",694646,2026,25,2,0,1,2,4,2,".227",".591","0","107",".259",".590",".278",".317"
"Headrick, Brent",687396,2026,258,38,10,2,3,78,20,".226",".325","0","996",".224",".334",".340",".337"
"Warren, Austin",681810,2026,157,18,11,0,5,37,18,".252",".444","3","652",".261",".435",".343",".358"
"Armstrong, Shawn",542888,2026,146,19,6,0,4,33,19,".236",".382","2","597",".209",".362",".319",".289"
"Franco, Jose",683742,2026,92,10,5,1,3,15,15,".250",".461","0","348",".236",".391",".306",".300"
"Fried, Max",608331,2026,332,46,10,1,2,79,27,".197",".258","2","1296",".200",".264",".265",".275"
"Morales, Luis",806960,2026,90,14,6,0,7,13,14,".365",".730","1","346",".303",".522",".435",".362"
"Richards, Trevor",670950,2026,239,28,9,1,8,54,19,".213",".375","0","900",".238",".400",".279",".317"
"Funderburk, Kody",681892,2026,168,24,1,0,2,34,22,".193",".243","2","651",".219",".316",".252",".288"
"Cease, Dylan",656302,2026,553,62,16,0,9,201,59,".179",".267","3","2347",".183",".276",".301",".312"
"Lavender, Nate",681320,2026,18,0,1,0,0,6,2,".063",".125","0","64",".091",".193",".100",".145"
"Dreyer, Jack",676263,2026,204,24,5,0,7,62,16,".195",".335","1","814",".215",".354",".293",".324"
"Garcia, Julian",670062,2026,104,6,4,0,5,28,11,".167",".378","1","435",".179",".306",".234",".254"
"Foster, Cameron",671382,2026,49,14,2,0,1,9,8,".415",".537","0","189",".254",".358",".531",".328"
"Lee, Chase",695445,2026,37,5,0,0,3,2,8,".286",".607","0","127",".260",".376",".308",".280"
"Snelling, Robby",702281,2026,22,3,1,0,1,2,4,".278",".500","0","86",".261",".445",".313",".293"
"Strider, Spencer",675911,2026,165,14,9,1,9,46,20,".232",".500","1","691",".188",".359",".337",".276"
"Cruz, Yovanny",672442,2026,44,9,2,0,1,10,6,".324",".459","1","161",".275",".391",".444",".377"
"Jax, Griffin",643377,2026,379,55,12,0,14,100,30,".240",".401","2","1406",".252",".418",".333",".356"
"Bernardino, Brennan",657514,2026,214,31,12,1,4,37,14,".251",".387","3","805",".260",".399",".308",".319"
"King, John",667463,2026,192,16,7,1,7,33,17,".186",".365","4","697",".222",".400",".226",".273"
"Cecconi, Slade",677944,2026,488,85,26,0,17,88,37,".290",".465","3","1854",".271",".452",".357",".335"
"Mlodzinski, Carmen",669387,2026,451,79,24,1,9,81,36,".276",".405","2","1754",".296",".446",".341",".367"
"Weiss, Ryan",680802,2026,131,24,2,1,8,30,20,".315",".568","0","530",".269",".488",".432",".369"
"Lowder, Rhett",695076,2026,452,72,21,2,13,82,42,".268",".427","4","1702",".265",".454",".335",".333"
"Lee, Dylan",669276,2026,208,18,4,3,3,70,13,".146",".245","0","863",".177",".293",".226",".280"
"Sewald, Paul",623149,2026,169,16,5,2,12,45,9,".226",".516","2","651",".224",".491",".313",".310"
"Roberts, Ethan",681799,2026,110,16,2,1,3,17,14,".237",".376","3","436",".255",".391",".289",".312"
"Juenger, Hayden",696522,2026,69,14,5,0,0,6,6,".328",".414","1","250",".296",".454",".345",".316"
"Mathews, Quinn",687273,2026,41,6,1,0,1,10,6,".235",".353","0","192",".194",".265",".320",".272"
"Vodnik, Victor",680767,2026,194,32,9,2,3,31,24,".282",".417","3","749",".248",".373",".338",".303"
"Núñez, Dedniel",673380,2026,27,6,3,0,3,5,0,".444",".889","0","73",".319",".637",".545",".391"
"Castaño, Blas",680604,2026,85,14,2,2,4,17,6,".289",".526","2","343",".288",".502",".367",".366"
"Paddack, Chris",663978,2026,267,54,12,1,9,40,19,".314",".483","2","1015",".280",".450",".373",".334"
"Palmquist, Carson",687223,2026,78,16,4,0,1,15,8,".323",".431","3","313",".271",".374",".412",".347"
"McDonald, Trevor",686790,2026,310,49,12,1,7,57,23,".255",".384","12","1137",".246",".359",".319",".312"
"Cruz, Fernando",518585,2026,220,23,9,0,5,63,31,".200",".330","2","884",".186",".315",".298",".277"
"Varland, Gus",681402,2026,151,23,12,1,7,30,15,".326",".591","0","565",".303",".579",".410",".385"
"Mattson, Isaac",676755,2026,166,24,13,0,3,34,18,".274",".425","1","689",".288",".495",".354",".373"
"Ohtani, Shohei",660271,2026,340,38,13,0,4,95,26,".180",".262","6","1335",".201",".287",".259",".291"
"Early, Connelly",813349,2026,390,54,12,0,15,93,34,".235",".401","9","1528",".234",".408",".320",".319"
"Topa, Justin",623437,2026,92,20,3,0,4,12,11,".346",".538","1","359",".291",".491",".397",".336"
"Houser, Adrian",605288,2026,443,63,24,2,15,70,32,".261",".444","4","1625",".268",".459",".311",".324"
"Pomeranz, Drew",519141,2026,135,21,4,0,7,17,16,".278",".496","2","478",".267",".463",".323",".311"
"Stanek, Ryne",592773,2026,214,28,7,1,8,50,27,".238",".416","1","873",".232",".395",".326",".318"
"Pagán, Emilio",641941,2026,117,13,3,1,4,31,9,".206",".373","3","465",".197",".392",".284",".277"
"Kahnle, Tommy",592454,2026,43,6,4,0,2,5,6,".324",".595","0","168",".285",".489",".375",".329"
"Seymour, Carson",693313,2026,59,11,3,0,2,9,6,".308",".481","1","228",".334",".518",".372",".404"
"Gómez, Yoendrys",672782,2026,240,31,6,1,7,51,29,".218",".359","3","929",".251",".441",".288",".334"
"Bigge, Hunter",685801,2026,85,7,6,0,1,14,14,".200",".329","0","319",".230",".341",".246",".282"
"Watson, Ryan",670245,2026,253,35,11,2,8,47,19,".246",".417","3","950",".274",".468",".308",".346"
"Stallings, Garrett",668831,2026,30,3,0,0,0,9,3,".111",".111","0","122",".136",".148",".167",".204"
"Bradish, Kyle",680694,2026,562,83,23,4,13,124,58,".248",".389","3","2202",".239",".376",".326",".319"
"Stock, Robert",476594,2026,62,10,4,0,1,13,8,".288",".423","2","234",".248",".393",".385",".331"
"Rocker, Kumar",677958,2026,506,75,20,4,16,106,47,".255",".424","4","1937",".257",".420",".330",".335"
"Ferrer, José A.",678606,2026,224,40,9,0,6,41,14,".271",".404","5","819",".238",".369",".340",".298"
"Carrasco, Carlos",471911,2026,73,16,2,0,3,7,3,".318",".485","2","246",".371",".586",".356",".416"
"Morris, Andrew",702193,2026,252,43,8,1,3,56,22,".244",".329","2","1028",".217",".309",".322",".288"
"Hancock, Emerson",676106,2026,516,76,18,0,16,119,32,".231",".369","5","2006",".244",".410",".306",".325"
"Seymour, Ian",693855,2026,399,42,17,4,15,115,31,".218",".413","4","1556",".223",".392",".316",".328"
"Gervase, Paul",801434,2026,34,7,0,0,0,8,5,".241",".241","0","124",".238",".313",".333",".328"
"Van Eyk, CJ",669310,2026,31,8,2,0,1,1,1,".393",".571","1","128",".309",".460",".393",".328"
"Roa, Christian",685005,2026,43,7,1,1,1,6,7,".313",".500","3","178",".296",".491",".370",".352"
"Svanson, Matt",694335,2026,207,39,11,0,5,41,21,".306",".450","2","788",".301",".467",".387",".384"
"Chivilli, Angel",683409,2026,73,8,2,0,4,16,7,".215",".431","1","285",".220",".395",".286",".294"
"Shuster, Jared",694363,2026,44,7,3,0,1,4,6,".289",".447","0","166",".239",".367",".324",".268"
"Painter, Andrew",691725,2026,383,66,14,1,17,71,34,".290",".488","5","1473",".267",".445",".363",".335"
"Englert, Mason",669438,2026,157,24,10,0,9,32,8,".297",".552","1","596",".280",".549",".374",".359"
"Hader, Josh",623352,2026,113,10,2,0,1,41,10,".126",".175","0","456",".155",".234",".210",".257"
"Pop, Zach",647315,2026,31,2,3,0,0,6,3,".200",".320","1","130",".248",".358",".238",".308"
"Snell, Blake",605483,2026,63,10,1,0,0,20,6,".196",".214","0","251",".189",".228",".297",".287"
"Mushinski, Parker",656786,2026,34,7,2,0,0,0,5,".310",".379","0","139",".325",".459",".310",".325"
"Sterner, Justin",686993,2026,184,26,9,0,11,40,13,".274",".524","0","726",".225",".399",".354",".294"
"Espino, Daniel",682982,2026,27,3,1,0,1,12,4,".217",".391","0","120",".203",".278",".455",".425"
"Allard, Kolby",663465,2026,45,9,5,0,2,9,3,".390",".659","1","177",".317",".533",".500",".406"
"Severino, Luis",622663,2026,271,40,10,2,9,65,31,".258",".432","2","1086",".231",".388",".357",".319"
"Soriano, George",666277,2026,233,25,10,0,9,55,23,".215",".395","2","921",".230",".407",".288",".316"
"Gallen, Zac",668678,2026,440,81,19,4,18,61,31,".304",".506","4","1644",".312",".531",".356",".366"
"Lauer, Eric",641778,2026,438,57,16,1,23,69,32,".245",".465","4","1700",".249",".459",".294",".300"
"Martin, Chris",455119,2026,66,14,7,0,4,9,2,".403",".710","1","248",".344",".568",".463",".401"
"Senzatela, Antonio",622608,2026,239,42,6,3,5,49,18,".259",".384","2","890",".254",".375",".331",".328"
"Dotel, Wilber",696062,2026,123,21,4,0,2,31,13,".250",".343","0","487",".241",".360",".346",".340"
"Koenig, Jared",657649,2026,41,7,4,0,1,7,7,".364",".576","1","161",".246",".416",".462",".313"
"Cruz, Steven",674444,2026,191,21,5,0,11,51,18,".218",".441","2","729",".229",".387",".311",".327"
"Chandler, Bubba",696149,2026,528,67,23,2,10,108,64,".225",".350","5","2075",".230",".365",".292",".299"
"Jansen, Kenley",445276,2026,140,13,2,0,5,39,20,".169",".314","0","559",".203",".335",".247",".297"
"Molina, Anthony",683627,2026,21,5,0,0,1,2,1,".300",".450","0","88",".297",".504",".333",".330"
"Faucher, Calvin",676534,2026,231,34,9,0,1,61,31,".227",".289","3","929",".231",".325",".326",".333"
"Miller, Mason",695243,2026,199,22,2,0,0,95,19,".136",".147","2","850",".129",".174",".289",".275"
"Bieber, Shane",669456,2026,217,32,10,0,10,37,24,".271",".479","0","829",".296",".534",".333",".365"
"Shook, TJ",669298,2026,36,4,5,0,3,7,2,".353",".765","0","134",".253",".451",".444",".319"
"Mederos, Victor",682989,2026,86,9,3,2,1,20,7,".200",".333","2","337",".214",".312",".268",".288"
"Macko, Adam",671936,2026,99,19,2,0,3,23,10,".279",".407","3","400",".258",".435",".381",".353"
"Dobnak, Randy",677976,2026,176,29,7,0,2,25,16,".242",".325","0","709",".290",".385",".284",".345"
"Uribe, Abner",682842,2026,191,27,2,0,3,48,18,".188",".253","1","758",".217",".281",".262",".303"
"Sousa, Bennett",656986,2026,62,10,2,0,2,16,8,".259",".407","0","238",".183",".300",".368",".259"
"Ober, Bailey",641927,2026,435,61,25,0,17,71,26,".254",".442","2","1630",".257",".467",".308",".312"
"Mey, Luis",682825,2026,77,9,1,0,2,27,11,".190",".302","3","330",".188",".373",".333",".342"
"Matsui, Yuki",673513,2026,195,14,7,0,6,50,28,".169",".325","2","790",".169",".322",".235",".243"
"Mayza, Tim",641835,2026,224,29,9,2,6,56,14,".223",".374","1","896",".227",".367",".305",".310"
"Guerrero, Tyron",594027,2026,134,25,3,0,2,35,5,".236",".307","2","490",".217",".305",".326",".302"
"Brubaker, JT",664141,2026,236,30,7,2,5,38,25,".215",".341","2","945",".268",".428",".257",".324"
"Rea, Colin",607067,2026,535,83,21,1,20,91,43,".260",".433","7","2027",".276",".487",".320",".339"
"Povich, Cade",700249,2026,120,20,5,0,5,21,10,".275",".459","1","453",".264",".453",".341",".328"
"Gonzalez, Domingo",682445,2026,36,6,2,0,1,5,5,".300",".467","0","129",".355",".618",".360",".427"
"Kempner, William",687531,2026,50,5,2,0,1,14,4,".182",".295","2","199",".231",".355",".267",".339"
"De Los Santos, Enyel",660853,2026,240,35,12,1,7,53,13,".246",".402","0","913",".234",".377",".320",".308"
"Hartlieb, Geoff",664129,2026,64,11,3,2,1,6,9,".327",".519","0","217",".254",".389",".347",".275"
"Cano, Yennier",666974,2026,170,28,6,0,1,38,9,".222",".278","2","657",".225",".337",".289",".304"
"Yamamoto, Yoshinobu",808967,2026,556,63,17,1,15,136,34,".186",".311","4","2160",".219",".344",".251",".298"
"Leiter, Jack",683004,2026,355,52,12,2,14,83,35,".255",".439","4","1397",".257",".430",".343",".347"
"Burke, Sean",680732,2026,571,70,23,4,16,154,42,".219",".372","8","2256",".226",".370",".310",".321"
"Domínguez, Seranthony",622554,2026,190,23,4,1,8,51,27,".225",".412","2","820",".220",".389",".327",".328"
"Suárez, Albert",544150,2026,221,27,11,2,7,36,19,".236",".417","0","804",".250",".413",".283",".308"
"Petty, Chase",695534,2026,139,18,7,0,6,15,9,".248",".448","3","477",".278",".470",".277",".324"
"Granillo, Andre",701552,2026,50,9,2,0,2,3,8,".333",".538","1","198",".295",".440",".351",".321"
"Treinen, Blake",595014,2026,100,12,6,1,2,25,10,".239",".398","1","374",".261",".475",".333",".366"
"Johnson, Ryan",696270,2026,271,42,6,0,16,47,29,".271",".500","3","1087",".265",".478",".333",".328"
"Whisenhunt, Carson",687931,2026,153,26,7,1,5,23,20,".300",".485","1","570",".279",".485",".358",".341"
"Yan, Jefry",642376,2026,26,5,0,0,0,7,5,".263",".263","0","99",".260",".301",".357",".367"
"Abbott, Andrew",671096,2026,604,88,22,1,18,108,66,".243",".390","0","2414",".256",".415",".301",".320"
"Enns, Dietrich",608650,2026,70,8,5,0,0,13,11,".236",".327","0","291",".211",".335",".289",".262"
"Hurt, Kyle",669165,2026,172,23,6,0,4,49,22,".223",".345","1","626",".208",".339",".333",".311"
"Suarez, Ranger",624133,2026,467,71,22,1,7,113,33,".237",".342","4","1819",".249",".351",".319",".339"
"Dobbins, Hunter",690928,2026,212,30,6,1,7,49,21,".233",".386","2","854",".230",".357",".314",".311"
"Sánchez, Cristopher",650911,2026,673,119,27,0,13,187,38,".253",".358","5","2479",".237",".358",".360",".338"
"Williams, Gavin",668909,2026,597,69,22,1,24,190,45,".212",".388","3","2361",".228",".410",".325",".349"
"Tong, Jonah",804636,2026,47,7,0,0,1,7,7,".205",".282","0","187",".206",".367",".242",".246"
"Buehler, Walker",621111,2026,518,81,20,3,14,104,49,".255",".403","5","2061",".248",".397",".329",".319"
"Sears, JP",676664,2026,143,24,3,0,6,25,11,".258",".422","2","529",".263",".441",".317",".331"
"Kimbrel, Craig",518886,2026,151,16,9,1,4,32,17,".231",".408","2","611",".250",".397",".303",".328"
"Winn, Cole",668390,2026,192,31,8,2,7,42,15,".276",".466","1","695",".270",".443",".361",".358"
"Holmes, Clay",605280,2026,255,34,9,0,4,49,21,".204",".296","1","978",".256",".372",".258",".328"
"Dallas, Chad",689149,2026,39,8,1,0,1,6,6,".313",".438","0","156",".240",".335",".370",".291"
"Morris, Kade",695034,2026,53,14,1,0,4,6,6,".413",".696","0","209",".252",".365",".463",".291"
"Lopez, Jacob",682052,2026,396,59,15,0,15,81,46,".262",".438","3","1598",".208",".331",".338",".270"
"Kremer, Dean",665152,2026,217,24,7,3,13,53,16,".237",".500","0","863",".235",".439",".318",".318"
"Palencia, Daniel",694037,2026,71,13,2,0,2,19,6,".266",".391","0","289",".244",".386",".370",".344"
"Barnes, Charlie",656212,2026,63,11,3,0,3,6,7,".309",".527","1","201",".321",".531",".347",".360"
"Wacha, Michael",608379,2026,632,79,34,4,21,120,41,".237",".418","5","2338",".250",".417",".297",".314"
"Peralta, Sammy",671111,2026,28,3,2,0,2,9,3,".318",".682","2","98",".277",".545",".538",".468"
"Romano, Jordan",605447,2026,99,18,4,0,1,26,13,".274",".357","1","434",".249",".334",".390",".355"
"Assad, Javier",665871,2026,332,49,7,0,15,55,21,".233",".403","3","1305",".264",".431",".283",".323"
"Thompson, Ryan",657044,2026,186,35,13,0,3,29,13,".304",".435","3","654",".275",".381",".364",".330"
"Bratt, Mitch",683352,2026,159,17,9,1,5,25,22,".237",".430","1","605",".218",".365",".291",".268"
"Thornton, Trent",663423,2026,149,17,6,0,4,21,15,".205",".341","1","551",".253",".425",".243",".301"
"Kranick, Max",668820,2026,57,9,4,1,2,7,6,".327",".571","1","205",".281",".440",".381",".328"
"Booser, Cam",592155,2026,111,11,2,0,5,38,6,".173",".337","0","433",".179",".337",".269",".280"
"Urquidy, José",664353,2026,52,13,5,0,2,9,2,".400",".620","0","183",".261",".392",".488",".320"
"Zuber, Tyler",676604,2026,108,19,4,0,4,30,5,".267",".426","2","431",".226",".333",".380",".321"
"Wells, Tyler",669330,2026,237,26,10,1,8,61,15,".207",".373","2","915",".212",".369",".285",".294"
"Manaea, Sean",640455,2026,481,64,24,5,16,113,37,".256",".449","13","1892",".250",".419",".345",".336"
"Stewart, Brock",592779,2026,55,3,1,0,2,14,5,".120",".260","0","213",".165",".249",".167",".229"
"Roycroft, Chris",688297,2026,116,24,3,0,8,17,11,".350",".620","3","409",".310",".539",".417",".370"
"Hernández, Jonathan",642546,2026,109,13,4,0,4,22,13,".219",".385","0","413",".255",".389",".284",".332"
"Garcia, Robert",676395,2026,34,4,1,0,0,6,7,".185",".222","0","153",".239",".310",".238",".307"
"Burns, Chase",695505,2026,526,62,20,2,13,151,46,".204",".336","1","2134",".204",".333",".297",".300"
"Yesavage, Trey",702056,2026,386,30,21,0,10,91,46,".185",".339","2","1549",".200",".330",".250",".274"
"Brieske, Beau",689225,2026,39,6,0,0,3,8,4,".257",".514","0","149",".241",".435",".333",".312"
"Horton, Cade",690990,2026,26,3,0,0,1,4,2,".167",".292","0","92",".249",".321",".200",".301"
"Pérez, Eury",691587,2026,494,52,21,1,13,133,49,".200",".343","8","1993",".208",".360",".286",".300"
"Festa, Matt",670036,2026,233,37,15,0,6,57,15,".276",".433","6","865",".242",".390",".374",".331"
"Simpson, Josh",681006,2026,38,6,1,0,4,10,4,".333",".727","1","153",".227",".532",".478",".326"
"Javier, Cristian",664299,2026,167,30,6,1,7,30,17,".299",".497","2","653",".278",".452",".373",".349"
"Raley, Brooks",548384,2026,195,20,10,1,4,48,16,".205",".345","3","724",".218",".344",".278",".303"
"Herrin, Tim",682120,2026,183,21,6,2,5,38,24,".231",".401","5","730",".207",".352",".296",".279"
"Halvorsen, Seth",678020,2026,100,14,4,1,3,17,16,".262",".440","0","386",".309",".483",".328",".387"
"Yoho, Craig",684974,2026,109,7,4,0,5,24,13,".174",".380","3","428",".206",".358",".235",".280"
"Okert, Steven",595345,2026,236,27,6,1,6,62,12,".186",".307","4","946",".201",".333",".258",".280"
"Baz, Shane",669358,2026,623,93,41,2,11,132,49,".264",".404","3","2376",".252",".396",".336",".328"
"Castro, Kervin",665645,2026,23,2,1,0,0,8,2,".143",".190","0","94",".195",".245",".231",".315"
"Waldichuk, Ken",686610,2026,40,4,0,0,4,8,5,".235",".588","1","149",".243",".577",".308",".317"
"Estrada, Jeremiah",669093,2026,117,12,3,0,2,37,15,".168",".257","0","474",".200",".310",".266",".316"
"Soriano, José",667755,2026,578,89,12,0,13,136,62,".225",".325","5","2317",".249",".395",".306",".342"
"Liberatore, Matthew",669461,2026,519,90,21,1,20,116,44,".285",".464","5","2009",".266",".438",".374",".351"
"Hill, Tim",657612,2026,198,32,4,0,9,21,11,".251",".425","6","666",".261",".425",".283",".294"
"Taillon, Jameson",592791,2026,362,46,11,0,26,75,32,".253",".524","2","1414",".257",".525",".328",".333"
"Brown, Hunter",686613,2026,291,32,8,0,9,72,40,".199",".341","4","1198",".206",".340",".280",".290"
"Gil, Luis",661563,2026,85,6,3,0,6,9,11,".211",".507","3","337",".262",".498",".242",".300"
"Canning, Griffin",656288,2026,319,53,11,1,13,72,33,".280",".466","3","1265",".249",".421",".373",".334"
"O'Brien, Riley",676617,2026,214,27,6,0,2,53,20,".193",".260","10","840",".233",".363",".271",".333"
"Webb, Jacob",657097,2026,232,37,3,0,6,63,20,".219",".319","0","942",".240",".369",".309",".344"
"Voth, Austin",608723,2026,56,13,3,0,3,3,6,".396",".646","0","215",".338",".557",".404",".346"
"Mikolas, Miles",571945,2026,498,82,28,0,27,58,23,".293",".527","2","1827",".288",".506",".330",".326"
"Miles, Spencer",693686,2026,319,53,9,1,5,73,20,".229",".316","0","1228",".233",".326",".302",".310"
"Greene, Hunter",668881,2026,121,19,6,0,4,33,9,".261",".423","0","456",".268",".429",".367",".378"
"Cameron, Noah",702070,2026,580,79,31,2,14,126,43,".240",".386","3","2262",".251",".412",".311",".328"
"Márquez, Germán",608566,2026,236,30,11,0,14,37,24,".264",".519","2","918",".266",".484",".318",".323"
"Alvarez, Andrew",674841,2026,317,48,13,3,3,69,33,".240",".341","3","1236",".260",".386",".316",".345"
"Taylor, Grant",691799,2026,259,33,9,0,4,83,20,".195",".284","1","1044",".188",".279",".297",".291"
"Hollowell, Gavin",668970,2026,62,6,3,0,2,13,8,".208",".377","1","253",".240",".447",".275",".318"
"Feltner, Ryan",663372,2026,408,53,26,4,19,64,39,".282",".533","1","1511",".267",".498",".336",".320"
"Payamps, Joel",606303,2026,36,4,2,1,2,9,4,".281",".594","0","151",".252",".548",".391",".351"
"Gray, Peyton",682608,2026,213,29,9,2,6,50,14,".241",".403","3","801",".231",".348",".322",".312"
"Johnson, Pierce",572955,2026,154,20,6,1,6,33,13,".239",".428","0","611",".272",".486",".308",".354"
"Hernández, Elieser",622694,2026,28,5,0,0,1,6,4,".250",".375","0","110",".184",".260",".333",".246"
"Anderson, Drew",623454,2026,328,46,12,1,11,87,30,".241",".402","4","1271",".217",".354",".341",".310"
"Bradford, Cody",674003,2026,65,14,3,0,1,10,4,".310",".414","1","226",".298",".511",".367",".355"
"Lodolo, Nick",666157,2026,316,47,13,1,12,57,29,".271",".461","10","1230",".287",".465",".335",".362"
"Dodd, Dylan",689266,2026,151,12,6,0,4,41,12,".162",".294","2","626",".195",".318",".232",".279"
"Walker, Josh",677020,2026,70,10,3,0,2,15,6,".242",".387","1","266",".226",".326",".313",".293"
"Mahle, Tyler",641816,2026,473,72,18,2,16,108,40,".255",".420","2","1839",".247",".405",".338",".329"
"Brazobán, Huascar",623211,2026,238,21,12,1,4,52,26,".184",".309","1","928",".211",".306",".242",".284"
"Morgan, David",688158,2026,105,18,6,0,2,26,13,".295",".432","3","398",".217",".273",".419",".308"
"Leiter Jr., Mark",643410,2026,144,26,5,0,2,38,11,".258",".344","4","551",".269",".365",".363",".379"
"Harrison, Kyle",690986,2026,402,53,16,1,13,122,26,".223",".376","4","1695",".220",".344",".332",".327"
"Kittredge, Andrew",552640,2026,167,30,6,0,5,31,11,".266",".403","0","547",".261",".393",".331",".325"
"Davila, Nick",689546,2026,111,16,3,0,2,13,11,".221",".316","3","418",".270",".383",".250",".306"
"Milner, Hoby",571948,2026,149,23,7,0,4,18,9,".256",".398","3","568",".296",".450",".291",".341"
"Phillips, Evan",623465,2026,60,10,1,0,4,14,4,".273",".509","0","234",".243",".498",".357",".322"
"Bowlan, Jonathan",680742,2026,182,26,3,1,4,57,12,".205",".307","2","742",".196",".302",".306",".300"
"Sandlin, David",689818,2026,106,14,1,1,6,24,12,".237",".462","1","409",".230",".390",".319",".310"
"Kinley, Tyler",641755,2026,179,20,6,0,9,42,20,".226",".439","2","698",".203",".364",".307",".277"
"Kerkering, Orion",689147,2026,218,21,9,3,3,54,26,".194",".323","4","907",".195",".293",".271",".274"
"Jacob, Alek",689690,2026,23,3,1,0,1,6,2,".250",".450","1","87",".179",".305",".357",".256"
"Cole, Gerrit",543037,2026,353,44,19,1,11,92,19,".227",".390","1","1333",".237",".369",".314",".330"
"Weissert, Greg",669711,2026,199,29,7,0,7,46,15,".239",".394","2","768",".224",".362",".319",".304"
"Erceg, Lucas",668674,2026,208,37,11,0,5,31,29,".312",".465","6","824",".263",".360",".376",".320"
"Tolle, Payton",801139,2026,461,56,21,1,13,128,31,".214",".360","3","1713",".201",".318",".305",".288"
"Kelly, Kevin",687330,2026,210,29,6,0,4,44,9,".199",".291","3","737",".261",".367",".255",".336"
"Sommers, Drew",805427,2026,102,18,2,0,2,37,11,".247",".337","1","408",".174",".236",".423",".297"
"Kelly, Antwone",699008,2026,32,4,2,0,2,4,4,".286",".571","0","123",".286",".395",".333",".334"
"Freeland, Kyle",607536,2026,536,82,38,5,22,98,27,".294",".522","6","1940",".283",".480",".363",".351"
"Junis, Jakob",596001,2026,173,30,5,0,3,32,7,".233",".319","3","613",".263",".389",".290",".327"
"Seabold, Connor",657756,2026,113,22,6,0,2,20,9,".306",".429","3","476",".253",".364",".370",".309"
"Murray, Jayden",681151,2026,79,15,7,0,3,14,9,".362",".594","0","304",".272",".494",".446",".336"
"Peguero, Joel",666711,2026,48,7,3,0,0,5,4,".238",".310","2","169",".192",".247",".270",".218"
"Eisert, Brandon",685126,2026,150,19,11,0,6,40,12,".265",".478","0","640",".229",".370",".375",".324"
"Ray, Robbie",592662,2026,578,72,22,1,18,117,68,".226",".381","1","2328",".240",".415",".290",".313"
"Sanders, Cam",676742,2026,80,10,3,0,1,22,12,".212",".303","1","337",".216",".326",".318",".324"
"Backhus, Kyle",679775,2026,94,19,2,1,3,20,6,".294",".447","2","354",".247",".385",".379",".322"
"Jump, Gage",695611,2026,338,49,19,0,8,85,37,".259",".405","3","1359",".251",".381",".357",".348"
"Grove, Michael",675627,2026,28,3,1,0,3,6,0,".259",".630","0","89",".289",".708",".318",".381"
"Quintana, Jose",500779,2026,181,26,11,2,6,20,17,".288",".500","1","687",".275",".441",".319",".309"
"Rodriguez, Grayson",680570,2026,271,36,17,3,10,55,28,".283",".511","5","1108",".288",".505",".361",".374"
"Ribalta, Orlando",687377,2026,151,20,5,0,4,33,14,".216",".343","0","637",".214",".391",".282",".281"
"Helsley, Ryan",664854,2026,68,8,2,0,3,21,9,".220",".407","0","273",".185",".296",".342",".287"
"Weathers, Ryan",677960,2026,551,85,17,2,18,140,38,".241",".389","3","2209",".251",".417",".331",".347"
"Gamboa, Alec",687941,2026,72,8,5,0,1,13,5,".219",".344","0","249",".177",".270",".264",".231"
"McGee, Easton",668834,2026,35,6,4,0,2,7,4,".387",".710","0","119",".297",".463",".500",".384"
"Williams, Devin",642207,2026,178,31,9,0,3,51,21,".277",".394","0","728",".219",".310",".413",".327"
"Sale, Chris",519242,2026,517,78,16,1,8,160,28,".216",".305","10","2077",".223",".330",".324",".336"
"Mejia, Juan",675848,2026,240,46,5,1,5,50,30,".282",".391","2","987",".265",".392",".368",".353"
"Hiraldo, Yaramil",682274,2026,37,3,2,0,2,13,6,".241",".517","1","144",".169",".320",".412",".288"
"Fitzpatrick, Brian",702153,2026,30,6,1,0,0,5,3,".259",".296","0","109",".212",".265",".318",".260"
"Castillo, Luis",622491,2026,508,76,25,2,19,102,36,".266",".454","5","2041",".267",".453",".339",".341"
"Fluharty, Mason",689254,2026,210,32,5,0,6,55,20,".231",".355","1","833",".188",".313",".326",".265"
"McCambley, Zach",685112,2026,43,8,2,0,0,9,6,".278",".333","1","173",".292",".429",".370",".390"
"Foley, Jason",671345,2026,42,4,2,1,1,6,5,".222",".417","0","151",".221",".346",".258",".258"
"Heuer, Codi",676051,2026,46,9,2,1,0,6,5,".308",".410","1","189",".269",".382",".353",".312"
"Imai, Tatsuya",837227,2026,288,37,7,0,9,80,42,".222",".364","4","1240",".228",".402",".329",".342"
"Estrada, Lazaro",681751,2026,57,6,0,0,2,9,10,".178",".311","1","228",".217",".366",".216",".274"
"Martin, Trevor",694680,2026,54,8,2,0,4,7,4,".292",".583","2","180",".274",".540",".341",".320"
"Gerber, Joey",680702,2026,34,2,3,0,1,8,4,".200",".400","0","129",".230",".373",".273",".314"
"Dion, Will",702021,2026,111,17,4,0,4,33,5,".238",".390","1","417",".235",".367",".347",".343"
"Garcia, Rico",670329,2026,206,16,6,0,9,54,18,".167",".344","1","778",".209",".356",".235",".295"
"Wheeler, Zack",554430,2026,474,53,19,1,15,144,33,".202",".353","3","1944",".204",".316",".299",".305"
"Ullola, Miguel",699044,2026,23,2,0,0,2,9,1,".182",".455","0","88",".209",".418",".308",".353"
"Bubic, Kris",663460,2026,207,23,8,1,4,51,26,".200",".322","1","811",".240",".395",".279",".336"
"Carrillo, Gerardo",672629,2026,55,5,2,0,0,15,8,".152",".196","0","207",".147",".201",".226",".218"
"Barco, Hunter",682995,2026,87,12,5,0,4,14,13,".296",".535","2","351",".280",".466",".362",".344"
"Bachar, Lake",669199,2026,281,31,7,0,12,72,24,".200",".372","4","1129",".206",".372",".278",".289"
"Santillan, Tony",663574,2026,134,18,2,0,9,28,14,".248",".496","0","498",".253",".476",".322",".331"
"Corbin, Patrick",571578,2026,360,65,21,0,12,63,25,".302",".477","6","1412",".289",".463",".370",".360"
"López, Reynaldo",625643,2026,306,42,14,1,10,66,29,".245",".412","1","1226",".256",".426",".321",".336"
"King, Michael",650633,2026,585,79,16,1,17,124,56,".219",".353","9","2310",".240",".404",".288",".316"
"Smith, Shane",681343,2026,49,7,4,0,1,11,9,".316",".500","1","225",".246",".293",".444",".346"
"Young, Brandon",687064,2026,507,80,21,1,15,96,42,".257",".406","2","1899",".258",".412",".321",".326"
"Fisher, Braydon",680755,2026,256,29,7,1,7,57,34,".208",".349","3","1002",".224",".363",".278",".307"
"Beeks, Jalen",656222,2026,113,17,5,0,6,21,8,".272",".495","0","407",".282",".522",".341",".354"
"Petersen, Michael",656848,2026,213,21,9,1,5,62,22,".191",".330","3","886",".194",".361",".286",".290"
"Kochanowicz, Jack",686799,2026,296,50,6,2,7,47,36,".259",".382","5","1106",".272",".439",".313",".333"
"Gray, Sonny",543243,2026,536,77,27,1,13,117,34,".239",".377","5","1923",".246",".366",".311",".321"
"Thomas, Connor",671162,2026,43,11,1,0,4,5,6,".457",".829","0","149",".297",".559",".500",".337"
"Montgomery, Jordan",656756,2026,31,10,0,0,2,4,1,".400",".600","0","131",".351",".595",".462",".405"
"Brash, Matt",666374,2026,64,6,2,0,0,15,6,".151",".189","3","262",".234",".347",".205",".334"
"Alexander, Tyler",641302,2026,234,43,9,1,2,47,17,".261",".341","3","891",".233",".326",".333",".297"
"Vásquez, Randy",681190,2026,474,77,26,3,15,71,32,".281",".459","4","1816",".292",".505",".331",".346"
"Mills, Wyatt",670090,2026,36,5,0,0,0,5,9,".208",".208","2","149",".234",".293",".263",".295"
"Luzardo, Jesús",666200,2026,621,86,28,1,12,185,46,".227",".345","9","2438",".207",".304",".336",".309"
"Brito, Jhony",666745,2026,20,2,1,0,1,4,1,".211",".421","0","78",".206",".337",".267",".261"
"Santana, Dennis",642701,2026,187,21,13,0,8,37,21,".258",".485","2","709",".262",".454",".333",".339"
"Karinchak, James",675916,2026,37,2,1,0,1,8,5,".129",".258","0","162",".158",".299",".167",".217"
"Graceffo, Gordon",700669,2026,249,24,11,0,5,38,29,".187",".308","2","929",".253",".448",".222",".302"
"Rodriguez, Eduardo",593958,2026,613,86,30,4,14,106,47,".238",".380","0","2371",".266",".443",".293",".328"
"Scherzer, Max",453286,2026,181,27,5,0,11,31,17,".265",".500","1","760",".250",".436",".326",".309"
"Aldegheri, Sam",691951,2026,151,21,4,1,5,22,17,".238",".400","1","610",".271",".450",".279",".323"
"Leahy, Kyle",681517,2026,516,83,29,1,12,111,35,".265",".407","5","2023",".274",".452",".345",".358"
"Klein, Will",694361,2026,189,37,4,0,3,49,21,".267",".345","3","762",".235",".302",".379",".336"
"Henderson, Logan",701656,2026,240,24,8,1,10,75,12,".190",".367","1","943",".204",".337",".285",".305"
"Bassitt, Chris",605135,2026,285,54,15,0,6,40,25,".301",".434","8","1067",".285",".406",".354",".337"
"Rojas, Kendry",696070,2026,130,16,5,0,2,34,22,".221",".327","1","521",".179",".282",".329",".266"
"Chapman, Aroldis",547973,2026,171,19,9,1,2,52,18,".205",".318","1","663",".186",".298",".313",".283"
"Gusto, Ryan",687473,2026,237,34,13,2,8,49,14,".259",".445","2","858",".263",".417",".331",".336"
"Ashcraft, Braxton",677952,2026,602,84,21,2,21,159,33,".231",".390","7","2184",".227",".367",".318",".317"
"Coulombe, Danny",543056,2026,96,16,1,0,1,10,15,".225",".275","1","386",".251",".311",".257",".287"
"Bibee, Tanner",676440,2026,613,85,19,1,25,117,43,".233",".404","5","2343",".252",".423",".291",".317"
"Wilcox, Cole",677961,2026,123,23,2,0,2,28,17,".262",".340","2","488",".284",".404",".355",".386"
"Hughes, Gabriel",687312,2026,164,25,9,2,3,33,13,".267",".418","2","639",".232",".338",".339",".297"